Period,Lipetsk Oblast,Oryol Oblast,Ryazan Oblast,Smolensk Oblast,Tambov Oblast,Tula Oblast,Tver Oblast,Vladimir Oblast,Voronezh Oblast,Yaroslavl Oblast,Arkhangel'skaya Oblast',Kaliningrad Oblast,Komi Republic,Murmansk Oblast,Novgorod Oblast,Pskov Oblast,Republic of Karelia,Vologda Oblast,Astrakhan Oblast,Krasnodar Krai,Republic of Adygea,Republic of Kalmykia,Rostov Oblast,Volgograd Oblast,Chuvash Republic,Kirov Oblast,Mari El Republic,Nizhny Novgorod Oblast',Orenburg Oblast,Belgorod Oblast,Penza Oblast,Perm Krai,Republic of Bashkortostan,Republic of Mordovia,Republic of Tatarstan,Samara Oblast,Saratov Oblast,Udmurt Republic,Ulyanovsk Oblast,Altai Krai,Moscow Oblast,Bryansk Oblast,Altai Republic,Irkutsk Oblast,Kemerovo Oblast,Krasnoyarsk Krai,Novosibirsk Oblast,Omsk Oblast,Republic of Khakassia,Tomsk District,Tyva Republic,Amur Oblast,Moscow,Ivanovo Oblast,Jewish Autonomous Oblast,Kamchatka Krai,Khabarovsk Krai,Magadan District,Primorsky Krai,Republic of Buryatia,Sakha (Yakutia) Republic,Sakhalin District,Zabaykalsky Krai,Chechen Republic,Leningrad Oblast,Kaluga Oblast,Karachay-Cherkess Republic,Republic of Dagestan,Republic of Ingushetia,Republic of North Ossetia — Alania,Stavropol Krai,The Kabardino-Balkar Republic,Chelyabinsk Oblast,Khanty-Mansi Autonomous Okrug — Yugra,Kurgan Oblast,Sverdlovsk Oblast,Saint Petersburg,Kostroma Oblast,Tyumen Oblast,Yamalo-Nenets Autonomous Okrug,Kursk Oblast
2017-12-01,398458,294294,387402,291552,266251,522549,390183,469979,834829,483608,346205,239875,294456,282333,225359,163760,176139,403024,234120,1859324,60469,46971,1294636,684516,424634,406618,168507,1887795,575983,508010,406141,866207,1343610,226823,1187347,1193370,748304,527641,365143,668866,3735871,398630,46346,726685,728104,949992,1396701,651355,155111,245082,38707,146672,8881759,289669,22247,58105,466855,22922,412050,175562,121407,96872,242493,73308,440655,386727,57029,265297,21312,105413,769436,88552,1132324,549380,237247,2067082,3594596,199685,609979,165937,365445
2018-01-01,381395,283101,370375,284775,258956,502571,367809,435659,798697,462508,328274,232235,290639,269340,213475,155360,171466,385519,226665,1809309,60744,43234,1325177,659569,393706,380626,157287,1775043,558454,490865,377251,839157,1288115,220989,1111695,1234620,692786,497772,338214,679687,3433368,391057,44301,746071,728208,955250,1419636,629096,160099,252968,36978,142954,8550678,274587,20398,56303,454416,22795,392951,168411,125524,99450,241422,77248,421149,370116,55544,274929,21980,97661,729678,98317,1116993,554786,233066,2026403,3426378,191758,599865,172764,361067
2018-02-01,410643,294915,395234,305202,271116,535413,402930,471496,845787,505515,351802,251412,308942,290023,227892,170198,178887,420901,237741,1882171,66623,47216,1445304,714448,408962,400616,164700,1808010,582802,535236,398465,886093,1357800,234736,1220825,1488275,750476,526865,353977,696187,3821624,403747,47326,775919,745916,990046,1546691,643699,162406,258488,44451,149703,9383803,304616,23204,60480,496831,25535,409458,181177,136571,102344,257291,72617,453607,407595,59677,288992,24715,107476,776002,105418,1165801,582412,247041,2160607,3607871,209016,631804,181842,385226
2018-03-01,369411,287908,346952,277955,247636,495707,358932,429142,738041,448722,344529,218549,297802,279304,199923,154848,167366,402039,206038,1599334,55819,37916,1162720,614610,372309,385729,152303,1581703,506071,471530,353464,821289,1235147,207496,1128598,1372270,669777,497312,328416,625229,3330569,355923,46535,712103,739278,902484,1399175,592614,150197,254453,41085,139641,8249904,274477,22282,59033,431229,24967,383823,165964,125418,98009,230216,73433,413361,357806,54089,252344,20895,94787,651220,95555,1076441,534417,231655,1995164,3302675,194749,589227,174618,357365
2018-04-01,387392,301836,343948,283461,247031,500287,357045,424207,773063,450334,331451,237321,308711,270773,183802,158931,156835,384890,232577,1748229,65803,49139,1278350,628447,362164,390955,153919,1527578,543275,531763,363136,815729,1232906,205954,1221715,1359340,712341,503535,334804,681478,3198617,370725,54109,738557,777782,960801,1500648,643722,161206,269287,43233,139640,8260365,275900,21200,60625,436931,24405,392209,179550,137422,100375,243389,80951,400230,351062,62098,312122,22336,112847,729162,105719,1119869,578846,242296,1931973,3254565,191253,612070,177824,360435
2018-05-01,289453,213987,287313,229014,196573,395697,287759,342502,605779,365479,244810,194197,221255,210660,166711,127573,119813,283023,180945,1397273,50486,37824,997922,498716,289531,311376,116852,1107832,402345,386645,279830,638209,883745,141544,846319,1062567,560091,388056,249961,443664,2795202,286264,35441,523403,524515,655657,995856,455422,112363,194308,28673,103634,6822510,213809,17317,44774,356849,17426,321696,129998,96849,78351,167635,41426,367198,294256,46640,162927,12798,88144,547809,75856,855578,388967,178840,1517255,2849702,151697,459107,113717,274905
2018-06-01,279435,198735,275996,211862,189038,368886,271872,322582,576076,346747,210192,186853,183130,183098,157413,113481,105896,264060,160005,1452997,50228,32266,975723,492944,256175,289344,96441,1009627,354968,362856,271912,567155,770991,138216,720344,1083309,527606,355183,233735,410203,2811337,288535,27795,472283,493981,617352,912604,415245,109423,160687,20478,94019,6819777,199827,15675,39887,307210,16337,311469,103522,77107,68168,141264,33502,358453,286070,39604,140025,13729,74078,536287,69059,759554,345291,158783,1395298,2705505,138192,418191,104182,263472
2018-07-01,279309,194843,280296,217764,183548,370217,306064,330179,595407,350585,229105,197725,191862,203487,163795,120975,116627,279460,159473,1505378,50508,33287,1018568,485740,255746,290179,97818,1116735,378750,363752,267573,595707,847116,142626,725927,1095925,535233,357578,241322,437884,2882715,276931,29610,486628,515259,655460,965033,443346,110687,169447,22042,91692,6874907,210820,16927,40952,314816,16216,301493,102177,76451,67815,152507,39853,385512,294039,37499,150574,14926,75688,561375,68178,813303,362499,169917,1443537,2821046,141803,419863,109987,257710
2018-08-01,372454,281577,369238,282471,251502,514681,366261,424119,783411,463024,317762,249562,276702,273839,198228,162049,158677,374653,216939,2187888,66669,43947,1313381,634252,360149,388937,146386,1510873,569357,507345,364801,773884,1207090,221833,1174461,1452211,719323,490560,329430,589177,3550895,383486,44043,680854,688029,897659,1315291,554976,149494,236836,38356,130887,8586098,273530,20323,56136,395204,22445,367861,159242,115975,87866,228729,82178,445939,372623,55400,291068,25299,107995,773131,97699,1050112,531351,218554,1819553,3336919,192207,560438,169298,363105
2018-09-01,460602,352399,450137,348260,311035,649300,438978,529604,960331,578686,414250,286332,369693,335983,244290,203107,203808,469059,265231,2123767,76996,54604,1587273,754765,445040,467069,191129,1983859,671952,614728,450376,978976,1535534,273118,1430681,1791200,860615,603505,405513,797523,4340679,468116,63719,885545,884229,1149149,1694653,709751,186723,307989,54673,175524,10245611,338004,26849,69782,506526,31129,447957,218854,169046,113505,308089,98695,542457,445142,66852,396535,31544,129751,904239,125080,1311567,684212,282775,2453379,4036798,243013,701547,226944,446507
2018-10-01,392582,308412,402134,305332,284686,573000,393900,472184,850676,490722,351533,246608,316864,295326,216210,176122,179659,408153,226869,1979587,73051,47716,1372319,675486,401976,414811,166180,1673146,594239,542789,397831,843061,1409338,232220,1228495,1621929,789691,534315,357380,744722,3927357,403187,55982,782726,756634,1013764,1456571,635515,162560,271779,51985,162043,9556175,300493,23966,65960,464525,28133,421982,194460,165070,104524,278418,84556,499573,392934,62164,306871,30434,111605,825313,115432,1165257,598188,253539,2238131,3608527,216969,628733,196861,390991
2018-11-01,384637,301430,388637,292231,285963,560466,376580,458030,836440,499048,352968,257388,314734,283808,205672,169752,187191,412150,255976,1953848,73748,49498,1495490,674001,415517,419027,173477,1712868,630186,563169,413118,810053,1359213,256703,1275744,1605496,785950,525958,354364,683244,3728901,389466,55367,746268,736356,937127,1518590,616672,157257,264553,50291,153434,9519855,304938,24992,64999,434890,26797,469937,189400,157029,99359,259835,102493,477575,382348,45943,401624,34033,124913,825432,124128,1103124,586385,240743,2215864,3561820,211265,601661,196479,389409
2018-12-01,422249,324746,422063,322261,317296,604560,424983,516276,892275,526780,366201,271771,323616,302359,232633,184801,202742,432343,248938,2094459,80156,50670,1616009,727908,447175,437678,174868,1980811,604813,563095,427129,880347,1409020,243094,1275388,1720963,822792,559250,376372,724699,4391567,444271,50937,798333,780650,989829,1729503,655110,162722,263896,45692,158710,10664959,329945,26009,68310,420597,27575,596136,182652,147899,104014,272557,92525,558776,427951,45979,320771,27853,119722,875471,115996,1174196,584714,265634,2447817,3812470,222451,634442,189609,410273
2019-01-01,415929,318234,399364,308445,311629,591413,405217,478743,860435,504375,346821,264651,312786,275607,223219,178808,192087,405665,245570,1978322,81076,45706,1536530,701872,417432,406892,169540,1869528,598525,546085,409047,849730,1382011,229647,1203226,1628115,792129,520666,341106,730666,4213826,435887,55025,796774,781441,978888,1547187,632807,161027,256755,48315,159272,9343957,301531,27662,66747,406664,28544,571681,186287,162417,105612,275480,91649,537316,410019,44935,320092,28907,112965,826279,117222,1174116,618467,257453,2288107,3548325,213334,643893,204765,413244
2019-02-01,426111,325536,415260,321456,319293,605463,412967,503500,884758,525142,362137,273037,325309,288269,229390,180259,199048,428505,249922,2041286,86806,48980,1583833,705739,416186,429985,176679,1944666,626135,558899,428349,863440,1428182,242830,1319040,1674002,855014,534987,384554,734490,4438586,435932,59725,847328,816764,997611,1616967,657005,168783,266089,54150,169087,9392089,315089,28296,66068,411334,30190,604684,200221,172632,110080,301339,92180,566623,422590,50306,342414,31569,124954,869069,117259,1206195,613627,260692,2408286,3661657,221159,650179,211615,414038
2019-03-01,390852,314187,387663,297787,282193,569813,389647,470677,801973,503777,376475,262167,331674,284348,210519,173190,197257,424546,239834,1997244,84064,46229,1460454,652823,394363,421274,168708,1885349,589007,515542,392105,863384,1340722,214108,1291436,1592014,792472,536601,358493,704178,4055955,400924,55881,840780,813407,1029898,1595708,637680,170295,284411,53710,165951,8891498,302257,27941,66947,394026,30001,599734,192355,160064,111287,288620,86320,532905,388105,50647,316444,29405,117263,823581,116735,1221431,607818,250538,2367915,3520114,217767,639678,209637,388999
2019-04-01,396547,319899,360421,293242,269105,559989,372551,445860,787243,504775,346239,277126,316329,271431,202465,179318,193652,398642,248722,1957194,84343,54348,1508740,630140,380937,400375,165648,1828827,598142,545305,376187,782168,1289809,224600,1308936,1565498,770598,517887,349405,671114,3810240,399517,55768,778766,773360,964270,1630442,614559,163368,271001,52763,142862,8809606,294617,23325,61187,371611,26239,618257,187410,160030,100477,278493,85500,546005,374580,47407,351478,25510,119905,820053,118208,1125245,598599,238432,2272603,3526314,203850,597417,189398,376403
2019-05-01,307676,225683,310008,230736,215543,426394,311208,369936,628979,401527,253582,209105,230328,216228,165932,129894,135334,300228,188759,1631985,69164,41462,1208084,526626,295411,310525,120514,1348336,430743,396550,302673,649046,942395,160520,909528,1229367,601330,401956,261657,481378,3328845,310483,37466,587773,595731,707545,1171376,491907,120335,199565,36857,102045,7403664,226365,19025,46351,298610,20072,501961,137776,109902,83362,196207,46031,485205,308440,39195,178619,16459,97961,640634,85904,900659,407709,181864,1859880,2955142,158698,471286,129407,290200
2019-06-01,294282,210289,302843,225014,205893,385285,297851,350770,607632,381713,224488,202474,193454,195190,168459,121461,121049,279278,163026,1627818,64892,34377,1133619,490793,274972,297083,104858,1232740,383972,373408,289734,592107,852873,140902,788067,1152503,563617,375030,241075,427821,3204380,301998,28247,511135,527578,641388,1026839,423834,111282,160409,25401,94420,7167695,217204,18650,39531,257598,17828,448602,104878,90125,68912,164751,36635,472130,297620,33763,154150,16068,81084,616581,77844,790490,351804,163662,1684784,2790007,149450,423642,117431,279498
2019-07-01,284112,209619,301174,216247,201412,383347,290411,345569,582380,376001,225408,194208,193504,202735,166835,122091,121537,282298,161321,1605535,63871,34613,1103676,477640,262687,299979,104280,1186716,393780,362383,283656,581374,874658,142397,799135,1149423,561020,373648,239972,431904,3115053,292375,27840,513271,529153,646479,1045467,424599,110363,156791,28378,93055,6685479,207125,17402,40109,239824,17128,452380,101311,88191,67166,167193,44212,461208,296823,31255,160419,17309,79652,596765,72856,806017,359725,167655,1674489,2730428,142231,414481,121583,266604
2019-08-01,357557,290744,379076,269992,260625,500244,357722,429858,775062,470524,299475,239448,264705,266428,195255,158332,156819,354921,220485,1939481,79185,46339,1370427,593242,348765,396356,144909,1508448,550307,487802,360681,727330,1239764,214502,1186548,1460638,728017,484971,320412,580167,3729153,385022,44163,712863,707260,881509,1336968,564052,141705,212720,44249,139207,8413302,269059,22963,56018,321079,24038,494762,150827,131195,90156,254526,87213,523138,366318,41869,304970,28542,104339,794212,102654,1054313,521289,210294,2066933,3264336,183445,531082,179926,356121
2019-09-01,441786,338990,447018,329129,318701,616332,426888,528824,968368,565727,386724,280433,336120,317528,237950,189016,192782,442932,268194,2197180,91607,50779,1502287,693693,436253,470709,187866,1864880,639997,572738,455858,891884,1528122,258308,1475266,1635706,871915,586812,399124,779910,4361738,460502,62282,891547,875257,1114469,1585946,709970,181552,271088,62584,178593,9717300,328109,29206,72491,407921,32760,540842,211073,188061,117480,344102,101734,617785,434973,59136,394732,36066,121592,878180,132332,1292654,658994,268635,2403021,3792415,227763,653289,234419,422829
2019-10-01,421933,325292,436332,317499,319306,605063,425269,512691,944685,529941,356061,264929,321191,307357,232848,187388,187865,429429,252426,2132180,90676,50216,1467214,686764,424006,455800,180551,1876658,641009,566481,439154,843346,1549243,254701,1368972,1549625,847089,561989,388568,791260,4231698,436344,63401,870494,840463,1067826,1477081,686015,174514,269490,71278,175053,9128254,318227,30767,73248,414110,31336,537883,191134,183735,112708,331673,93393,607013,418402,56700,334288,31986,119688,868172,136634,1276941,634202,260385,2320581,3693625,225801,649777,217818,409152
2019-11-01,449725,347462,459880,331493,335390,631791,437873,548368,996667,571170,392080,292670,344191,322829,239742,194396,203383,464690,306343,2353485,102876,56365,1638763,763051,471984,461953,197408,2052174,731860,635016,497290,884779,1608366,305740,1578642,1572984,867559,594584,421821,831517,4308599,466887,69906,928998,917540,1146348,1622359,717618,193823,295454,74233,192920,9682412,349939,33846,78102,428942,33703,567370,227711,194593,122004,352573,119590,636413,443856,63769,467310,42867,145301,976808,148725,1358249,676163,276671,2427860,3865132,248689,684717,237233,442518
2019-12-01,486799,364860,503041,362689,356239,659570,494166,607515,1049035,593611,402251,309564,341193,342724,273585,212331,209809,477981,280991,2464069,105456,57348,1710502,819850,529529,507460,217802,2008293,724697,631993,537814,942045,1647511,293263,1574403,1672595,920132,654841,456580,843654,4897278,498303,68816,961824,972870,1187643,1681512,729469,206122,296329,63104,202214,10382595,365618,36778,79569,467982,34993,609562,217145,192363,132098,355418,98392,736590,489062,62979,372307,34856,133437,994515,143333,1413257,694181,298134,2569125,4194154,250406,736540,234865,466476
2020-01-01,455253,339129,477451,333272,333366,617331,454858,570052,1003405,554447,382128,293341,332606,317267,254990,193211,194561,454348,290815,2326363,103019,50790,1589682,766187,496001,465533,199327,1876459,699293,593571,496083,874218,1514724,278341,1392409,1516978,883939,602873,426339,839529,4471808,477495,65158,939819,952024,1154869,1616656,695873,200290,282400,56330,203799,9627589,326476,34817,75307,441645,33630,590487,202045,192521,128905,363151,109990,660605,444516,55664,376985,33339,123404,936094,135004,1307148,685950,284843,2424422,3927536,237634,691234,240960,447717
2020-02-01,472847,354548,486218,350815,332284,644210,466090,600987,983775,571134,410983,301262,364153,329826,258037,205634,204210,481870,280180,2315184,102482,53150,1598371,776328,491810,487038,209771,1900424,714515,604744,487914,935198,1570033,291741,1460542,1617981,926039,631275,452599,873502,4752993,474408,70434,972180,1000873,1202438,1644840,739195,206813,300838,65026,217355,9970893,363220,36935,78960,453751,36035,628434,228264,195425,133132,388684,102541,700136,451956,57045,378662,34589,126461,955121,129961,1365437,698608,296052,2509923,3986059,245791,727741,242642,451729
2020-03-01,589729,433730,683206,487360,448844,794323,635630,858965,1302728,765527,579045,384063,438304,457869,306286,273105,289208,626568,377253,2874207,133585,74883,2105313,1084989,647548,646562,282610,2588121,949912,873672,645517,1302612,2280377,398614,1999321,2163470,1185605,850003,617138,1033484,6031784,636473,94022,1255778,1236526,1515960,2020472,950945,241808,450016,86031,281911,10953040,474486,49367,106871,566313,47354,767798,348686,267832,171337,501052,106693,896712,582880,69591,513208,37974,159131,1127052,231374,1732593,916997,384560,3159879,4664396,369549,884184,288711,560749
2020-04-01,585029,356339,640928,442340,385569,708887,605062,787594,1123879,684663,492042,347846,426700,403841,269670,268392,233885,560927,381823,2696707,138959,80229,2158882,893820,565031,663662,247722,2145851,1031051,970158,613426,1023247,2138360,335458,1828116,1933143,1167949,728247,442493,1041512,5829025,671983,65417,1119171,1211597,1432401,2003399,865500,243278,362462,95531,285376,10032955,440142,43511,90887,509235,41458,674920,273746,291954,164891,513093,82587,848984,545240,62742,461124,37576,136772,1268524,147949,1570890,863853,349302,2667816,4063993,329884,714606,285229,581368
2020-05-01,426587,314440,458484,322887,298093,583507,431426,565447,917059,516849,335515,292388,299826,290080,226333,183228,175545,419041,281001,2266262,101721,59058,1549602,757617,428891,454943,188524,1676944,637139,558510,472664,880502,1380971,255052,1277803,1310544,819746,570827,398685,671962,4733890,443357,60852,801206,898033,1011627,1312515,682704,180003,281119,68393,182696,9198881,329512,32872,66038,421535,30828,562543,199603,170242,122169,293431,105545,727468,450856,56152,306244,35810,122541,908662,131629,1241253,610380,242238,2140055,3711236,231778,639179,191841,412215
2020-06-01,357493,263767,389203,283910,259934,489579,374776,458249,780698,450996,260873,256904,224431,236323,203655,156812,144614,344794,213803,2017902,84389,44219,1308927,624923,333733,352759,135800,1548498,508379,452914,389318,698341,1162679,188780,1001945,1015792,666030,430450,309569,550638,3914622,378906,44078,640553,711054,799464,1109668,530404,145032,210583,40223,141407,8133299,274935,26180,53122,324032,25855,457769,144188,121246,96534,229140,61530,649676,384461,46762,249725,33556,106908,768960,105607,983146,469973,194262,1773713,3404137,187822,512445,156878,352752
2020-07-01,330959,239281,368638,260423,243400,465849,350877,430908,699032,415288,249789,240931,214797,224998,194357,149292,134467,335513,201359,1936417,79610,42847,1279308,584170,322691,328939,129270,1472357,506080,426768,356403,684760,1146437,180244,1090593,995746,653850,419447,305528,533871,3593796,339152,41804,648295,694942,813142,1106637,496197,146044,206234,40382,136643,7472166,256562,24353,55578,301710,25188,438234,137431,115128,94545,221978,65229,570714,365965,42425,238330,27399,101108,722479,96777,954544,462543,196142,1783818,3121243,169666,487741,151445,324386
2020-08-01,415444,327317,467360,323569,313671,593563,432527,544176,957342,516958,351053,297073,294157,305422,240177,190378,185057,444373,270522,2355219,98905,56771,1551844,743680,446332,437589,193124,1816450,720966,575337,466583,852296,1656608,269109,1578433,1244370,859617,567621,423946,775016,4316489,442714,66804,911658,931680,1126534,1503029,673360,188117,288281,62932,218830,9154940,317790,32087,72248,384282,32103,564415,215069,189780,124052,345688,112000,623803,439955,54272,387073,39386,126167,962083,131885,1263736,671789,264544,2405979,3709257,222986,635058,217688,433696
2020-09-01,479369,385529,544153,385961,369460,670189,500455,649595,1082892,617858,442245,337886,374755,362797,273971,222136,256937,506869,324808,2653396,110535,68322,1743880,841599,557646,511194,239184,2000452,827424,662410,581027,1006892,1791828,331293,1931710,1411022,982156,654193,467535,978439,4835053,503692,85307,1093451,1148269,1439334,1735983,819215,237464,348815,86125,266066,10144199,366399,38855,89823,466228,42053,644761,301714,274167,146762,457288,132486,714387,507489,68031,512444,44829,140885,1095232,148423,1466603,829046,302675,2787525,4178226,271728,766348,279424,499916
2020-10-01,506827,397513,548559,389644,395538,664156,533084,683899,1224227,598163,453816,333416,379058,351815,271429,234326,243082,532694,324249,2604114,114929,68790,1752781,937162,558825,603445,259381,2296700,991076,714643,556279,1098147,2087684,327037,1842720,1590194,1098639,699886,522060,998916,4994545,561773,90414,1189004,1248045,1518698,1778671,833140,250783,389935,95856,275773,10801876,370620,42462,96735,509012,43396,592135,275846,288122,158666,497487,128066,735326,494217,64686,440190,40383,132439,1052648,167682,1547596,893663,418996,2973484,4235490,279681,857152,305138,570709
2020-11-01,524712,417572,569785,389342,405073,660911,524256,685634,1199741,630586,473399,350284,389592,364769,262997,221300,265159,537048,376229,2635325,132649,74013,1894805,932510,616049,562405,259164,2366647,964352,785882,610728,1153357,2068328,373379,1973641,1617151,1139815,734277,543795,1074321,4907379,524906,94997,1195746,1166899,1525726,1924230,856735,262837,362612,107695,281027,11005145,407745,40726,93699,512137,43677,652492,300383,286503,155956,497905,133655,702229,507271,84163,538951,47648,164252,1202420,192939,1703572,904843,373994,3025330,4349066,294583,862393,298558,620980
2020-12-01,535713,413610,587784,396629,412527,694711,552829,730181,1276765,626629,441950,342810,373891,360870,278327,240870,242999,520296,332564,2709823,122314,72438,1872435,963383,583972,574736,239168,2160877,864801,719140,598392,1085147,1964919,338142,1915034,1551790,1161456,745619,538387,1061687,5088311,541426,81013,1121300,1123785,1371445,1812793,843183,231741,338300,82249,259810,10669232,396770,42197,91683,535272,44547,652714,261198,239418,156558,429720,110678,781103,541267,62366,393043,38062,147270,1114040,159848,1759226,811958,341534,2820915,4469391,280022,836131,276581,545226
2021-01-01,549224,422760,601867,407174,432725,696543,559041,704144,1240921,639689,445728,338466,384995,339822,270036,235530,222153,527110,340304,2681443,120983,68915,1861903,976931,577427,543375,240146,2129586,887698,766148,593267,1109961,1974005,349653,1858062,1487166,1163999,743424,518289,1064846,4826990,547105,82318,1139570,1135390,1414982,1887872,866334,234501,350236,84085,271594,10222989,407056,43520,96468,532627,45660,662832,248965,256230,157324,459531,120054,729622,531072,64333,422545,39251,148447,1074023,162517,1817377,822976,330371,2742633,4258856,289659,832348,294739,556805
2021-02-01,596851,458772,654589,452444,465778,752815,602951,807440,1290460,697486,467482,362703,396781,373786,280243,240676,237300,571411,351450,2880719,129829,76797,1977438,1054333,596264,564381,257450,2219967,920952,876429,634729,1140171,2132101,379852,1912621,1600326,1243165,775911,561284,1083412,5192401,609141,87744,1200389,1187504,1462059,1940126,894932,235115,370075,94821,268135,11059933,435066,44029,99542,524646,48021,678631,278649,273387,165856,438058,117660,761078,588527,71262,452361,45840,164594,1175659,167543,1989695,852391,342026,2837724,4571546,309995,860381,299593,605547
2021-03-01,588479,496758,681812,471998,469923,769375,625146,794395,1255187,722985,539966,386799,449261,425590,317056,271150,268026,632947,352409,2759506,143707,75515,1935602,987530,602140,599993,259594,2297382,950357,878334,620868,1217037,2025100,365867,1930916,1611792,1214881,807135,536684,1077886,5546654,617162,94142,1210964,1202638,1485133,1898025,894074,246929,403402,102191,281344,10602420,466465,49350,107321,535853,48528,686873,295465,267468,181421,452092,120746,872079,604521,81837,455551,50682,165025,1178934,178793,1875995,891806,348248,2792756,4565088,326018,879269,333118,630557
2021-04-01,576851,452547,647117,462615,451249,753236,613227,730087,1199966,696313,514824,412392,431752,418013,310155,288160,279605,624788,365494,2379783,149504,87498,1911496,962765,574526,587935,246311,2077544,981240,913357,597491,1140291,1857460,367522,1747157,1477981,1101300,762224,530343,982376,5860224,615904,94600,1111857,1109439,1375136,1695594,823194,241277,370414,96327,254703,10279937,454160,43354,97039,499600,46546,656215,311785,288603,174922,429458,101029,987994,582182,91844,424943,33542,178973,1096735,174041,1565555,843063,334522,2386502,3933389,311052,814918,299324,613403
2021-05-01,477351,349440,532178,385185,366080,664221,517776,609246,1027504,576938,394753,327376,326826,317843,263534,224465,214753,491639,302015,2248075,121309,69932,1638301,857692,451166,465252,197350,1769905,730713,666379,502595,955475,1479284,277821,1364393,1324189,925888,614778,419854,758715,5062847,486378,69301,859812,921281,1085144,1376794,710702,190005,312813,70861,198510,8733171,367243,37364,74809,438337,38708,572738,239795,196881,140754,315077,84681,869337,505375,72070,295138,37075,150210,919106,141901,1337656,657159,286906,2149149,3665408,247277,699984,229616,483382
2021-06-01,400586,293869,436586,306543,308476,568809,439785,531879,874640,474979,282420,272808,240122,239361,209028,168213,158135,372539,223716,2210135,93778,50745,1391177,658761,366840,375363,152624,1586274,562060,554815,404192,742087,1236296,205858,1156052,1139004,783483,515571,332269,605590,3826149,423041,46982,710670,734510,864532,1160130,578489,150216,226807,47009,165883,8875656,305000,29200,61040,360761,30361,472670,153626,138681,111796,239068,51967,645274,441402,47866,219609,25360,113696,785354,108395,1113560,506158,223396,1904461,3515341,207599,578545,182708,399732
2021-07-01,418299,303408,461371,304948,317583,570355,461022,563220,871177,496374,288088,279552,238705,247570,208121,172865,161896,385505,220368,2208402,91308,51752,1353136,654722,372898,389238,158327,1463455,573880,568848,410867,733470,1291644,218839,1185910,1140123,791276,525540,343121,630895,3898855,437620,48426,735272,755945,910188,1217476,563295,155473,226458,47597,153927,9314782,312595,28415,62752,339153,31044,476287,152405,136519,123449,242525,65883,654646,454064,47459,244677,27218,108133,780801,108072,1079847,500600,255217,1887365,3633634,216485,555289,183053,412468
2021-08-01,522879,409318,608524,409458,411222,694714,566556,658289,1125940,621846,455292,356964,375063,369372,276078,248078,240143,550268,317178,2408307,133176,74673,1710850,886012,520410,524818,227293,1883782,871746,775969,542411,1040294,1772500,323089,1676489,1415121,997445,687106,481213,872371,5460536,578929,79372,994822,1008878,1245328,1537736,749407,208047,323635,82094,233210,9662872,398774,42468,86202,479417,39907,584218,263940,213163,157614,379089,129856,883278,554374,78440,469685,49473,153046,1062123,170977,1417647,750588,324048,2297265,3858705,274756,749761,276931,544052
2021-09-01,589916,463558,643227,459208,481355,756206,642269,729030,1254091,711855,557882,389992,457853,429771,318031,282984,279681,650266,377691,2565968,144585,82101,1864517,971111,584643,604291,269299,2181023,1059419,833583,641515,1189269,2037181,360009,1932533,1595036,1139566,785350,535956,1126654,6053346,626391,104554,1167727,1185764,1501027,1701943,862096,247552,382346,108416,264185,9928292,457087,50053,98720,494731,49040,656367,335661,304802,178272,453853,155878,1019677,614631,88999,592281,60405,167161,1084651,193166,1622920,906567,353192,2569422,4067427,325328,879095,322462,580241
2021-10-01,602811,459988,659945,465862,482555,800722,654584,760072,1354734,733007,547274,400861,468161,438223,333338,298830,284650,653552,366768,2628742,157111,84084,1885198,1047964,613607,626125,277836,2244865,1024979,899973,674975,1260755,2074697,385932,1912860,1674917,1212202,811234,586491,1111597,6432181,635121,97733,1169861,1158821,1511705,1687395,891141,248159,370907,116701,279423,9598005,501473,53018,102947,525857,49416,689306,325156,294046,185777,494902,139852,1090201,616338,88743,487162,56092,176796,1133507,206518,1741358,957761,413297,2741907,4201205,331894,932684,322933,667486
2021-11-01,632409,500215,671841,501200,510532,804002,663500,784158,1390816,784194,607067,426928,482065,458778,330675,300679,302431,698133,408641,2754759,170936,99599,2122530,1122627,652007,665320,293037,2343740,1163782,1009351,709773,1328590,2321959,436814,2120272,1657488,1219075,853171,603872,1155478,6361588,680720,118294,1264017,1247962,1656715,1749134,939654,270900,430484,142594,295874,10194407,522543,56928,109503,556308,50909,712637,377083,325207,192976,497606,178363,1049012,660230,108258,669687,77224,213587,1245834,250676,1799199,1016394,392696,2685182,4294175,352628,924547,351136,659814
2021-12-01,639139,485391,679155,510135,509760,832975,705753,815817,1353569,756830,569485,407256,456098,453320,349241,318785,298958,684210,376952,2696766,165675,92964,2035784,1115983,668068,671209,284113,2266661,1048207,898677,703081,1299212,2063380,379441,1905252,1666413,1219669,861025,599130,1097589,6858220,670709,102483,1197775,1197945,1569379,1688107,913402,255669,398700,94439,270673,10408688,524108,55804,109806,559809,50856,726200,331464,268559,192751,464876,132245,1135503,660711,100326,480679,53143,182459,1148152,196933,1782067,929021,399905,2671765,4366973,340049,914360,331293,643653
2022-01-01,611632,477708,662114,487170,481831,742709,654356,750072,1321402,714065,550771,395106,441137,410708,318203,291100,284348,650554,397169,2574524,166372,94684,1939005,1064519,641071,595924,273643,2262282,1036500,821884,635613,1266160,2129068,370740,1850448,1603904,1139137,805306,581928,1076979,6302577,628463,103479,1202781,1204256,1538045,1710098,944903,256471,391973,119716,277244,10390676,477753,52545,101148,535701,50424,700524,340179,313204,187105,481086,145575,1050044,578291,103678,531775,59104,179747,1071300,184607,1727589,953369,407252,2601044,4317610,330815,939293,335088,647504
2022-02-01,674527,510333,709193,537760,543472,872251,727843,839076,1461306,807719,591171,432708,484229,453571,348158,307596,308636,721346,401240,2880382,175908,95907,2180139,1193959,690750,666842,305987,2474246,1113615,953457,730697,1382155,2345692,415944,2167579,1802200,1300122,876480,639556,1192968,7437600,685725,117372,1314475,1288444,1659950,1845227,997068,273760,424338,137646,302018,11038089,543013,58920,111591,592477,55011,777305,370820,316031,210870,510902,150959,1167748,702087,110316,567085,70894,215635,1240244,231719,1872942,976186,411155,2755531,4714754,362178,973653,347033,672726
2022-03-01,609359,519772,670913,528285,505275,826177,698717,795036,1294364,763704,604468,431298,467585,449332,342743,313105,300762,702975,392991,2727107,170925,90251,2037007,1080713,643616,627836,287037,2422379,1075191,847012,654217,1334367,2142989,377629,1997439,1617346,1210889,847884,565245,1065072,6602647,653057,112898,1270581,1206220,1576805,1814369,946792,261837,418792,121289,300665,9932809,511985,60477,115156,569441,52140,736175,335995,281959,208325,487555,142256,1109617,669829,107435,542720,56606,203125,1171164,219582,1774530,942999,373975,2634691,4254525,348641,936064,356512,639197
2022-04-01,619028,482326,639267,480474,479613,786727,667062,765446,1302738,765118,530210,442235,437126,429688,327734,307493,294397,681474,414096,2579599,171950,100496,2093860,1063200,659937,645429,286670,2271220,1124522,973726,665848,1269667,2124346,408931,2052003,1611759,1192628,836025,624600,1044718,6366247,668342,108529,1172503,1146761,1446625,1831211,919821,248897,392879,117223,275110,10057002,516193,50563,108989,565971,52033,721797,342269,305521,191744,472083,134515,1099288,623946,110332,553503,57307,200453,1191758,226086,1695715,903986,381187,2576190,4351838,349711,895469,307340,654760
2022-05-01,472095,337352,495050,382006,359525,638516,516742,596688,995472,580264,392110,348360,326239,319733,275110,227477,223163,502249,301950,2197273,126515,71300,1622029,861818,459061,473530,203586,1708307,730780,627691,496500,982833,1494547,269742,1332557,1279661,891355,604316,430514,738913,5193745,480211,71880,868829,907861,1088640,1325254,706025,187491,317370,73690,201012,8282832,373206,41781,78071,453419,39905,605899,233542,197734,153211,322716,82852,920750,509308,78480,312559,45356,154018,885107,148656,1316749,643989,282513,2101071,3688618,252786,677897,218185,477505
2022-06-01,426679,301089,438630,346150,325885,584251,474704,538687,874303,499174,327080,318259,267020,280405,251679,202425,191830,440499,243816,2112631,110758,58226,1434842,755597,401456,422836,168881,1490340,617063,549282,457079,806272,1240564,224037,1127318,1126697,784463,508987,376506,611174,4762281,437001,55470,730429,759239,917798,1108027,580181,159779,240881,53450,164922,6969857,331259,35799,65311,376839,34276,517478,179779,153018,126873,257822,58075,896934,462941,60973,256293,34190,128070,780796,122485,1108159,523283,235823,1758046,3160230,224394,583718,191854,415804
2022-07-01,432548,298266,443761,336066,315657,585814,478273,548558,870065,502591,333317,311388,269906,278694,246123,205802,192140,450483,248395,2135709,113855,61413,1455003,756425,386085,429971,172134,1516736,631926,545043,452468,831720,1291624,226738,1168760,1139452,784745,522358,375271,620678,4733844,432406,124678,759252,771197,999413,1159698,563130,167878,242191,56028,160996,7395310,327843,33426,69558,360548,35669,497824,182849,167148,138751,265853,71570,869569,467524,61980,285773,36260,127043,794909,122502,1139552,543304,240042,1824029,3139387,225517,571673,199999,410284
2022-08-01,504696,382198,539522,407285,396575,669287,558732,639204,1096676,611306,451483,358727,353819,362937,284481,247716,242930,551379,329679,2390741,141379,78200,1729386,906483,505647,509357,224517,1895626,868760,734742,544985,1030382,1713828,319455,1599301,1350492,956480,648521,476004,829161,5446388,556315,85768,1008173,974289,1219805,1474135,720395,208126,317421,94688,229119,8512061,406193,46013,91448,450184,44331,623381,273994,216041,164220,377527,130981,944222,541295,81129,483991,53559,164523,1013836,177401,1395347,739317,297117,2161216,3322174,274720,731681,263184,530380
2022-09-01,575732,439215,593517,462957,476629,735798,621283,707949,1235256,681914,534183,392195,430871,413889,304387,282433,278870,638475,380831,2653027,159387,87604,1898167,976576,584624,597664,260982,2177642,979428,798532,627098,1192146,1971850,362961,1832325,1505107,1098241,737039,512637,1077397,5688619,614484,105271,1191340,1149357,1455141,1727595,825463,252521,377956,130231,271740,8347422,463074,52099,105324,524413,52060,708380,340179,289162,193121,468827,154692,1017038,588815,100516,607912,60761,196760,1100630,215929,1578280,873467,344856,2421772,3581848,320206,852457,319071,609351
2022-10-01,574047,439508,611852,453887,492974,748888,625559,718767,1277524,678782,531297,394500,430688,414639,322114,286740,278777,641855,372002,2628136,161234,83579,1891296,1034265,580344,593468,264252,2179039,993811,1043513,625796,1187115,2027395,375696,1767935,1552492,1141236,729757,554693,1103198,5728625,599357,112219,1228951,1164701,1489059,1762137,848444,254259,389246,127851,299306,8224832,459077,58697,121649,576116,57406,781267,337386,306662,217947,494227,147821,1021763,580321,92975,511263,54127,186535,1072090,212017,1609697,877385,357100,2470223,3620915,315050,848207,329870,602973
2022-11-01,575135,434037,584162,436077,474395,713777,599985,701534,1175953,689826,558396,400614,421582,404902,299095,271860,276132,643088,396393,2581793,163412,93235,1933504,1004331,615733,584155,268485,2139254,1058334,1041304,598752,1202812,2039154,393094,1827022,1513647,1053325,756442,533263,1034727,5500659,613490,110577,1176746,1141507,1476845,1709437,829132,257606,389991,140600,271996,7891626,456829,53175,102135,515325,51582,694556,349190,301339,199241,454022,164233,945301,571731,104504,630977,61015,190194,1136168,217847,1596319,893777,353066,2422359,3436546,322376,847835,324141,593344
2022-12-01,577119,432920,582666,455832,466377,713908,615282,730321,1179697,656865,515439,371855,411977,393550,307725,286339,268908,608216,355539,2463067,152930,80705,1794505,982689,587710,576341,256836,2022945,912488,857868,616040,1126533,1839676,343356,1674747,1471692,1083847,727542,530282,987784,5698135,588823,93516,1077464,1064228,1335118,1551870,770764,234196,354985,106116,253831,7464109,450293,52911,99846,503493,49078,674597,304289,255106,181703,431160,152754,999780,574050,91860,449319,55696,182693,1036579,192418,1538028,799748,334096,2279684,3287656,301129,805112,296841,583159
2023-01-01,522610,395111,524013,407989,424284,652845,561220,644052,1085534,598223,486024,347896,394656,350141,276464,252609,244889,563333,324391,2307406,142143,70616,1680933,894885,533193,522400,238184,1889312,872045,808500,558379,1082069,1765338,315271,1576059,1352363,979407,670845,471800,922014,4926182,535504,93385,1051372,1012897,1296457,1484731,729476,223307,331075,94751,246124,6742469,410453,48774,91956,473182,47829,636549,284853,261472,172050,416636,149075,902389,518170,85988,443973,51105,162283,906622,178351,1441429,781983,316321,2100474,2985410,282345,756867,298056,544503
2023-02-01,582030,441558,582800,455659,467821,722370,614445,708236,1206107,682905,528191,392405,441256,396772,305337,276788,271827,641506,360517,2575714,157089,81646,1866293,1016368,575999,584648,266855,2083638,971186,936693,608454,1194154,1972216,361276,1810523,1470988,1083751,737617,533081,1007395,5705633,589442,106574,1194422,1171005,1467174,1678093,833390,249484,365307,127899,278619,7788711,435122,53585,102650,543056,53028,728960,335901,302443,195494,470287,148112,995653,567228,102631,496876,61654,187689,1061822,194924,1586374,862485,350918,2342430,3374219,313468,843157,331273,604632
2023-03-01,509592,399598,519926,409073,417593,655505,558063,646329,1086177,608336,525679,356684,419930,384353,277303,259452,258983,604014,330666,2305929,141932,74238,1719953,896531,510571,540573,237124,1886656,867784,861385,528844,1107446,1707154,303545,1604731,1355236,965879,682532,460019,939959,4740960,517603,102652,1116145,1085950,1429830,1530617,774665,235555,379458,119369,262272,6750749,416559,51265,100310,501584,48513,671084,307152,265555,183584,430858,117910,906390,512302,92207,421830,42495,184979,957020,183548,1458966,842096,317302,2182491,3165795,291186,807723,323784,545123
2023-04-01,543858,433113,543585,419925,423204,683510,595369,672728,1121268,654598,491763,376708,413014,371974,280632,271904,263580,611034,383540,2340809,160753,89725,1849023,945487,564331,573812,259029,1874019,999257,960339,584557,1121997,1827724,366211,1794399,1426260,1045353,716690,531773,955644,4972097,566175,107542,1145449,1096266,1448697,1606769,794180,248619,377825,131488,257470,6825225,440514,45823,106217,518925,50834,663701,328119,313369,183321,441957,154318,950946,519313,102436,544989,62043,195998,1037471,207652,1494506,837514,327573,2220080,3222513,299186,784446,303186,572891
2023-05-01,405066,292123,431016,313977,308699,548909,455954,534400,818339,498258,356147,281947,298465,273055,231077,203410,199022,455950,250643,1878976,109669,61303,1358155,745694,393070,421085,177698,1365190,639005,545584,427664,855116,1269358,230034,1163561,1078304,754347,517146,359877,630765,3972578,400638,68363,768059,790682,987513,1059094,577974,173181,282509,72663,174700,5598474,313279,36784,68577,399861,37432,509792,207259,203285,136855,285609,70221,785641,409934,68522,267415,37143,138736,740045,127746,1140897,566912,238730,1756615,2609719,217856,582684,210685,401612
2023-06-01,369359,260268,383830,285446,277157,504054,413163,494777,725391,435071,304133,260038,247731,239315,212589,178963,178822,405550,212938,1843195,101006,51983,1213293,657684,344384,375391,148908,1205763,559257,471861,395811,713402,1132879,195005,1026434,973333,671387,454919,317894,540298,3704722,355735,55862,651642,686034,828487,933357,498131,147254,216834,53334,148697,4828937,280425,32151,59838,357544,32767,453360,165945,160497,117372,232999,48822,753957,381002,61656,236141,29582,118710,670644,110632,1000529,460898,203613,1507942,2314426,194415,512965,179407,348717
2023-07-01,380097,266653,391470,284044,279208,529146,421909,507897,722513,439109,305481,269160,250261,246122,214739,180726,175426,411763,220090,1907043,104756,55134,1245171,664640,347404,386184,153087,1213700,575019,477829,399824,735242,1169549,198035,1066770,993199,681974,481887,330991,574395,3706035,366199,56587,688817,713281,891005,933656,508261,153707,222812,57793,152517,4890094,282427,32393,63107,337717,32747,484903,167712,167403,121651,240336,58462,759058,383094,59948,259603,34432,120820,690455,111846,1034867,477069,210196,1553593,2349990,191956,515850,186674,357935
2023-08-01,466343,352289,493652,347528,371751,632170,504754,622266,961141,542904,420659,329690,337542,331658,244853,223129,222768,522544,306169,2211726,135282,73162,1652632,814950,464790,486507,208263,1585170,876508,696057,512539,943832,1593904,284738,1495177,1229981,887876,613574,439809,781439,4311153,492188,83032,944324,909328,1190795,1288508,655879,203318,306178,95585,217617,6097871,361863,40523,82850,417695,42609,569578,263265,229679,153147,347843,110509,848197,460352,79565,432839,51657,162483,931948,172859,1327043,696343,274196,1915218,2823565,247584,685243,268941,483814
2023-09-01,568633,432045,591008,433429,461533,722418,597421,757990,1165899,666920,531714,370680,435222,406036,297788,266965,273826,648296,376112,2510807,152721,86596,1848662,957903,570943,587879,260155,1961923,984333,850100,619814,1181181,1960928,359666,1804544,1491613,1044219,724280,505011,1005254,4925980,589064,106838,1151828,1126375,1479323,1576484,799044,250575,383045,134967,268211,7108293,449422,49546,103753,499826,52527,670413,337016,314825,184096,452865,135690,957218,551320,104414,555815,66384,192525,1033649,208936,1598083,865462,337448,2322123,3233042,307558,835421,336268,588100
2023-10-01,544196,407649,576069,412850,439123,693232,572536,719182,1120754,636030,515270,350686,403457,394194,291598,265868,265883,604069,352550,2436207,150684,80608,1765104,973738,555457,565489,253816,1862059,968068,790972,590049,1105949,1907032,337533,1699863,1457347,1042741,700473,509906,976993,4815825,552111,99686,1106339,1073661,1411588,1490528,780350,239562,359466,126723,257739,6925492,431651,48698,98467,495213,49884,660378,308447,301512,180021,425879,127626,911349,524921,94408,473337,57056,185115,981210,203586,1557105,826316,327536,2236614,3165207,294564,790387,316813,556794
2023-11-01,549686,416378,589480,410884,441458,678111,571929,727768,1130490,657518,534391,390567,419899,395271,285306,262797,269681,618021,394550,2516943,162494,82294,1881995,995132,581991,575832,254817,1904326,1032446,886913,592749,1165823,1959078,360388,1785951,1441830,1048618,728438,495090,991973,4757269,568300,106477,1123673,1108788,1437892,1522916,783936,254251,378532,151904,259797,6953827,442019,50958,105052,493297,49129,661192,334956,307721,178964,432806,149262,918866,529425,107265,626038,72519,214149,1061538,231245,1549199,885049,339010,2265061,3215917,307060,823430,320199,588993
2023-12-01,533478,409547,573585,415236,436188,689327,589243,755138,1082519,640590,513729,365377,411982,391410,288398,268324,265946,596603,331342,2409282,147276,79113,1754616,946573,553205,566121,243294,1839204,922592,732526,581760,1091651,1802347,318739,1628470,1433185,1002032,691824,500453,933175,5150297,550198,92154,1063540,1043532,1351391,1486548,751703,233861,344766,111606,250479,7112960,427866,50502,100213,489067,48732,669776,303805,266429,170674,408182,121305,942611,534391,91164,445406,54137,185780,954464,190654,1523654,793062,323152,2185992,3135840,289614,789923,304226,549226
2024-01-01,518355,387105,539653,397320,420119,648430,554816,677846,1074447,601161,491606,346440,401844,353219,272475,250552,250430,583902,333715,2277889,140859,72449,1686013,900700,526126,526080,227070,1771557,874545,779005,556783,1095009,1730535,309864,1565787,1368898,951690,646676,456590,890919,4619838,532350,92655,1057552,1010333,1304625,1432155,722455,228629,337148,108371,243970,6417076,403565,47767,97713,488424,49521,680441,292620,274992,172876,414701,122956,885819,501673,88950,451317,60355,179609,928555,197432,1450928,804201,314184,2090165,2943635,280137,760886,311723,537101
2024-02-01,495315,374725,532266,386225,403604,633065,543945,657433,1006396,599188,487047,338738,400504,371549,267393,239912,250552,692738,321323,2249085,139566,75714,1675375,924220,512854,517527,232485,1703361,851823,694646,542283,1082010,1723640,299567,1597086,1337610,939359,646341,473218,874967,4859536,510635,95584,1062423,1011433,1341946,1372073,751579,224750,336478,118808,242720,6686304,391365,45224,98720,470281,47251,632582,298228,285117,171231,398687,111587,873965,492376,94666,449868,46540,175002,928529,186814,1423506,792708,302161,2101015,2979658,281842,749654,307261,510643
2024-03-01,491078,381727,512042,397001,403318,625172,548850,641518,1008114,607847,505005,349170,414353,392050,279043,252363,260076,597593,313033,2224809,139613,73502,1643817,874614,507888,530585,231364,1762708,837486,779464,544367,1085680,1638571,285867,1546851,1312936,948445,656432,451349,876628,4508355,519632,95960,1077662,1018067,1383754,1408928,749173,228476,356975,119759,250193,6739618,404932,47593,101664,471353,49962,629711,298359,281961,177134,399291,93806,882219,492401,86472,370402,41746,168193,913296,181072,1406338,851154,293327,2098726,3072539,280845,778697,319353,520567
2024-04-01,491001,385221,507813,365672,396306,619844,543372,633680,1016075,583246,493833,352385,391196,359062,262945,248599,256000,583225,330872,2188892,144720,81820,1750339,874574,536326,537846,236627,1647367,943669,793568,567040,1073901,1707820,315730,1649871,1318496,941688,684457,479640,867714,4530622,510360,97764,1022208,979499,1278291,1437208,740515,226186,345418,121525,227740,6666835,405766,41441,99811,464242,45635,605609,295143,288451,169675,388804,124841,890527,475531,93113,496928,58930,181394,922840,198258,1413169,815912,298499,2101437,3016855,275577,770686,291351,528890
2024-05-01,370445,264963,390783,285670,285183,502805,419306,480568,747561,450479,340572,264259,270874,260192,213239,184756,185660,423982,221045,1747898,101208,58376,1298181,677780,356366,375212,160863,1197276,587843,492812,414230,748079,1157060,213596,1078426,992614,685423,468238,331488,564353,3643726,367037,63886,706062,711828,865563,968884,505285,162134,254600,68936,161760,5079874,290176,32858,67752,358264,35254,484005,197589,187160,125615,252849,60205,746896,375017,63973,255832,35626,134507,685195,129732,1023125,516299,206783,1620312,2410882,202825,541589,197817,374295
2024-06-01,352232,248577,368650,270101,270670,469897,399241,460431,688133,402532,295197,252035,234195,234882,206088,178403,168181,387513,197564,1793080,97352,53926,1199325,636731,334471,351670,140861,1112811,526392,438441,393528,691817,1082063,191379,981345,931317,632039,429858,308631,517779,3493536,337535,52658,621314,642017,774183,896884,458403,146879,212703,56972,148512,4646259,270430,30134,62629,313865,31078,435607,155617,160900,114314,218016,46194,739803,362491,57818,228924,32865,118774,646653,114252,941746,449672,189643,1479150,2272809,186712,499984,179847,337451
2024-07-01,330004,232378,357718,250213,257409,451038,377983,441865,642121,388510,285310,242787,222078,233156,193153,170027,163834,376011,187449,1743879,95689,50898,1151845,590902,311030,331084,135096,1067143,511794,410953,366567,664141,1060820,183023,948581,876395,601687,413302,297322,499828,3360112,315981,49954,610956,627157,764011,884413,435051,142747,200530,55088,137878,4519284,258073,28536,60419,311661,30092,435384,149151,155768,112168,212152,53118,691203,348254,54279,247885,33262,111028,626672,106497,918328,430704,179182,1415712,2171403,175505,479515,179350,304718
2024-08-01,429727,337508,472436,326733,355684,563029,468563,560305,916670,508270,407802,307685,313118,310710,235508,217534,213800,487351,266926,2139312,129451,72094,1526208,772556,429787,442713,192335,1480159,779329,637409,470224,898750,1461925,257552,1323130,1128562,829499,555951,403589,714127,4148756,449106,74104,902181,838149,1069542,1247365,608470,193175,282872,90987,205583,5756351,343048,37615,82176,379104,38936,526364,237134,226562,146627,315963,105808,817677,438524,79167,389295,49454,147067,867690,163341,1193687,658172,241471,1848505,2668656,233749,674613,260854,495190
2024-09-01,520494,399241,568737,403356,425644,674914,560380,666629,1088191,623756,513205,353738,396825,381672,281971,255403,261986,601155,323303,2445329,146624,84692,1803946,935803,533054,551892,242834,1848979,912750,786317,574815,1148570,1777784,329177,1662474,1410044,994830,680492,483374,943990,4732072,538902,98006,1124685,1077906,1354072,1598958,757995,243432,367267,130719,258433,6818813,416812,46842,102509,477809,50038,642580,324038,317664,184010,419370,124109,923987,514402,102191,510757,61887,178354,978867,199978,1487114,847033,311916,2302513,3171593,293734,816128,332682,577295
2024-10-01,533504,405837,578825,397066,441482,679192,567409,686150,1131786,641006,527586,355867,404597,385402,286367,270156,264010,606873,329199,2518756,153602,84513,1804947,978253,548738,560933,251956,1868859,937093,799885,572387,1132920,1873971,329502,1675636,1481713,1023704,709671,499833,969999,4810124,527441,101957,1130095,1066842,1361161,1554111,773014,235795,373227,131858,254969,7337682,429833,47716,103471,484618,51147,659039,311584,313099,185568,410518,131057,936936,537916,97106,474036,51681,173793,978961,205274,1507060,865350,312093,2307740,3246338,297840,831566,330702,576136
2024-11-01,576887,431611,625982,437739,477072,721375,600586,728711,1231949,701583,577841,401881,433086,404627,300723,276059,284361,660047,380607,2703218,168735,94890,2050655,1049293,614256,591586,275148,2017434,1062644,899242,618889,1245008,2029446,382328,1887518,1545097,1108015,764972,537618,1016829,5217188,584723,112105,1249515,1150456,1477121,1658176,824723,262908,402635,154347,281933,7889098,469512,51024,114353,523106,55055,697604,361672,345933,195794,443856,159572,1010755,577403,116156,622029,72194,206058,1113909,243904,1598687,933111,338391,2457866,3517428,318604,910110,356080,636754
