Period,Kaluga Oblast,Kostroma Oblast,Kursk Oblast,Lipetsk Oblast,Oryol Oblast,Ryazan Oblast,Smolensk Oblast,Tambov Oblast,Tver Oblast,Tula Oblast,Yaroslavl Oblast,Saint Petersburg,Leningrad Oblast,Arkhangel'skaya Oblast',Vologda Oblast,Kaliningrad Oblast,Murmansk Oblast,Novgorod Oblast,Pskov Oblast,Republic of Karelia,Moscow,Komi Republic,Kirov Oblast,Nizhny Novgorod Oblast',Orenburg Oblast,Penza Oblast,Perm Krai,Republic of Bashkortostan,Mari El Republic,Republic of Mordovia,Republic of Tatarstan,Moscow Oblast,Samara Oblast,Saratov Oblast,Udmurt Republic,Ulyanovsk Oblast,Chuvash Republic,Astrakhan Oblast,Volgograd Oblast,Krasnodar Krai,Republic of Adygea,Republic of Kalmykia,Belgorod Oblast,Rostov Oblast,Altai Krai,Irkutsk Oblast,Kemerovo Oblast,Krasnoyarsk Krai,Novosibirsk Oblast,Omsk Oblast,Altai Republic,Tyva Republic,Republic of Khakassia,Bryansk Oblast,Tomsk District,Amur Oblast,Jewish Autonomous Oblast,Zabaykalsky Krai,Kamchatka Krai,Magadan District,Primorsky Krai,Republic of Buryatia,Sakha (Yakutia) Republic,Sakhalin District,Vladimir Oblast,Khabarovsk Krai,The Kabardino-Balkar Republic,Karachay-Cherkess Republic,Republic of Dagestan,Republic of Ingushetia,Republic of North Ossetia — Alania,Stavropol Krai,Chechen Republic,Kurgan Oblast,Sverdlovsk Oblast,Voronezh Oblast,Tyumen Oblast,Khanty-Mansi Autonomous Okrug — Yugra,Chelyabinsk Oblast,Yamalo-Nenets Autonomous Okrug,Ivanovo Oblast
17501,2.52e-4,1.26e-4,7.8e-5,2.42e-4,8.18e-5,7.7e-5,1.14e-4,4.6e-5,1.35e-4,1.18e-4,6.2e-5,1.96e-4,2.76e-4,1.43e-5,2.95e-5,2.66e-4,8.3e-5,4.7e-5,7.19e-5,5.26e-5,6.4e-4,5.3e-5,3.61e-5,1.018e-4,2.81e-5,1.33e-4,9.7e-5,5.3e-5,3.94e-5,5.71e-5,1.41e-4,4.1e-4,1.26e-4,9.8e-5,5.69e-5,1.258e-4,4.47e-5,5e-5,5.2e-5,1.71e-4,1.472e-4,1.081e-4,2.14e-4,1.07e-4,1.08e-4,2.01e-4,2.16e-4,3.41e-4,3.7e-4,1.09e-4,2.93e-4,5.88e-4,4.84e-4,2.66e-5,2.81e-4,1.17e-4,7.4e-5,1.32e-4,2.78e-4,2.08e-4,1.4e-4,6.3e-5,6.7e-4,7.4e-4,8.7e-5,2.54e-4,7.52e-5,4.9e-5,1.09e-4,0,2.73e-5,9.2e-5,2.38e-4,1.57e-4,2.86e-4,1.5e-4,2.07e-4,6.5e-4,9.6e-5,6.8e-4,8.7e-5
17532,2.31e-4,5.4e-5,9.9e-5,2.14e-4,5.52e-5,7.6e-5,5.8e-5,3.7e-5,1e-4,8.5e-5,5.7e-5,1.82e-4,2.26e-4,2.19e-5,3.99e-5,3.05e-4,3.1e-5,2.1e-5,9.2e-6,2.26e-5,5e-4,1.36e-4,1.82e-5,6.41e-5,2.46e-5,9.1e-5,1.2e-4,3.7e-5,2.03e-5,6.51e-5,9.9e-5,3.9e-4,7.8e-5,4.9e-5,4.8e-5,3.86e-5,2.83e-5,4.9e-5,3.6e-5,1.61e-4,8.08e-5,3.15e-5,2.49e-4,9.3e-5,7.9e-5,1.64e-4,2.18e-4,2.77e-4,3.26e-4,1.36e-4,2.36e-4,6.38e-4,3.46e-4,1.67e-5,3.57e-4,6.1e-5,0,7.7e-5,1.37e-4,1.52e-4,1.13e-4,6.5e-5,8.4e-4,0.00124,1.1e-4,1.91e-4,7.42e-5,7.6e-5,1.006e-4,1e-4,1.7e-5,3.4e-5,4.38e-4,7.33e-5,2.53e-4,1.2e-4,1.48e-4,5.3e-4,1.05e-4,6.1e-4,5e-5
17563,2.08e-4,5.7e-5,5.2e-5,2.26e-4,8.24e-5,6.2e-5,6.8e-5,6.9e-5,1.42e-4,6.5e-5,9.1e-5,2.12e-4,1.77e-4,1.79e-5,4.27e-5,3.85e-4,6.3e-5,9.4e-5,8.54e-5,1.028e-4,5.4e-4,8.8e-5,5.26e-5,6.74e-5,4.45e-5,4.9e-5,1.55e-4,7.2e-5,1.4e-5,3.87e-5,1.75e-4,3.8e-4,8.3e-5,7.3e-5,3.51e-5,6.98e-5,3.82e-5,4.9e-5,3.2e-5,1.36e-4,8.49e-5,2.88e-5,3.17e-4,1.26e-4,1.52e-4,2.24e-4,2.67e-4,3.56e-4,3.46e-4,1.16e-4,4.02e-4,3.28e-4,4.03e-4,2.52e-5,3.01e-4,5.8e-5,6.9e-5,1.03e-4,1.77e-4,3.98e-4,8.7e-5,1.3e-4,5.9e-4,7.7e-4,7.7e-5,1.24e-4,6.38e-5,2.3e-5,6.56e-5,1.39e-4,2.11e-5,7e-5,1.6e-4,8.57e-5,2.97e-4,1.59e-4,2.37e-4,7.9e-4,2.08e-4,8.9e-4,1.26e-4
17591,2.34e-4,5.1e-5,8.9e-5,2.82e-4,7.48e-5,1.05e-4,7.4e-5,5.4e-5,1.26e-4,1.48e-4,9.9e-5,2.27e-4,2.6e-4,2.14e-5,4.21e-5,3.41e-4,5.6e-5,6.8e-5,7.28e-5,1.55e-5,6.1e-4,4.7e-5,3.36e-5,8.29e-5,3.17e-5,1.08e-4,1.82e-4,5.7e-5,2.03e-5,4.66e-5,1.67e-4,4.6e-4,9.8e-5,7.3e-5,5.45e-5,7.66e-5,1.31e-5,3.2e-5,4.5e-5,1.64e-4,1.251e-4,2.126e-4,3.28e-4,1.34e-4,1e-4,2.69e-4,2.95e-4,4.43e-4,4.33e-4,1.79e-4,2.73e-4,9.66e-4,6.34e-4,6.48e-5,3.64e-4,1.71e-4,1.09e-4,8.6e-5,2.11e-4,7.31e-4,2.52e-4,1e-4,6.7e-4,8.6e-4,8.6e-5,2.21e-4,1.343e-4,0,1.117e-4,5e-4,1.85e-5,8.7e-5,2.88e-4,5.99e-5,3.63e-4,1.78e-4,2.87e-4,0.0011,1.94e-4,8.1e-4,1.28e-4
17622,2.23e-4,1.1e-4,1.24e-4,2.3e-4,1.071e-4,7.2e-5,1.31e-4,1.04e-4,1.42e-4,1.32e-4,6.2e-5,2.44e-4,2.57e-4,2.24e-5,4.92e-5,3.58e-4,8.7e-5,7.2e-5,9.78e-5,3.87e-5,7.5e-4,8.7e-5,4.2e-5,7.94e-5,5e-5,1.13e-4,2.66e-4,8.8e-5,4.21e-5,3.93e-5,2.3e-4,5.3e-4,1.13e-4,9.7e-5,4.35e-5,1.066e-4,2.07e-5,5.2e-5,6.6e-5,1.8e-4,6.4e-5,1.819e-4,4.13e-4,1.19e-4,1.8e-4,3.5e-4,3.96e-4,4.93e-4,4.96e-4,3.66e-4,6.32e-4,2.79e-4,4.66e-4,7.41e-5,5.82e-4,9.1e-5,7.4e-5,1.3e-4,1.8e-4,2.5e-4,1.8e-4,7.4e-5,8.4e-4,0.00116,1.12e-4,1.85e-4,9.21e-5,1.68e-4,1.075e-4,1.86e-4,4.76e-5,8.1e-5,1.67e-4,1.605e-4,3.84e-4,2.14e-4,2.93e-4,0.00104,2.59e-4,0.00102,9.5e-5
17652,3.72e-4,8.6e-5,1.58e-4,2.91e-4,1.501e-4,1.11e-4,1.7e-4,2.09e-4,1.94e-4,1.91e-4,8e-5,2.98e-4,3.67e-4,2.77e-5,6.94e-5,4.57e-4,1.27e-4,1.07e-4,6.17e-5,1.86e-5,0.001,1.45e-4,6.79e-5,8.94e-5,7.98e-5,7.7e-5,2e-4,9.8e-5,5.64e-5,2.9e-5,2.51e-4,7.6e-4,1.75e-4,1.93e-4,5.7e-5,7.2e-5,4.23e-5,6.3e-5,8.3e-5,2.38e-4,2.573e-4,2.364e-4,4.49e-4,1.45e-4,1.87e-4,3.66e-4,5.3e-4,7.2e-4,8.18e-4,3.77e-4,7.1e-4,0.0013,7.85e-4,4.42e-5,6.81e-4,1.36e-4,7.7e-5,2.23e-4,6.16e-4,1.95e-4,2.45e-4,1.61e-4,0.00105,0.00093000000000000005,2.2e-4,2.39e-4,1.95e-4,6.9e-5,2.154e-4,3.27e-4,8.81e-5,9.4e-5,3.48e-4,1.879e-4,5.25e-4,2.98e-4,4.67e-4,0.00134,2.85e-4,0.00141,1.72e-4
17683,4.26e-4,1.1e-4,1.25e-4,2.61e-4,8.22e-5,1.01e-4,1.35e-4,8.2e-5,2.82e-4,2.13e-4,9.6e-5,3.3e-4,4.1e-4,3.85e-5,8.33e-5,5.48e-4,8.9e-5,6.9e-5,1.059e-4,2.18e-4,0.00121,1.06e-4,6.14e-5,8.2e-5,6.5e-5,1.35e-4,2.42e-4,1.39e-4,1.75e-5,3.79e-5,3.66e-4,9.1e-4,1.85e-4,1.06e-4,5.71e-5,9.49e-5,3.41e-5,9.7e-5,7.2e-5,2.38e-4,1.798e-4,3.258e-4,3.47e-4,1.88e-4,2.61e-4,4.57e-4,5.84e-4,6.14e-4,7.81e-4,3.87e-4,5.49e-4,0.001564,6.58e-4,5.12e-5,7.43e-4,2.7e-4,1.87e-4,1.89e-4,5.18e-4,2.38e-4,2.38e-4,1.31e-4,0.00117,0.00156,1.35e-4,2.98e-4,1.73e-4,2.54e-4,2.058e-4,2.32e-4,3.72e-5,1.11e-4,7.34e-4,2.723e-4,5.99e-4,3.01e-4,4.2e-4,0.00152,2.5e-4,0.00141,1.63e-4
17713,1.98e-4,8.4e-5,7.9e-5,1.83e-4,7.88e-5,1.32e-4,7.8e-5,9.4e-5,1.55e-4,1.22e-4,1.33e-4,3.29e-4,4.57e-4,5.07e-5,8.78e-5,3.51e-4,7.3e-5,8.94e-4,6.64e-5,4.44e-5,0.00109,7.4e-5,9.3e-5,7.85e-5,9.36e-5,7.2e-5,1.77e-4,8.2e-5,4.66e-5,5.49e-5,2.67e-4,7.9e-4,1.62e-4,5.6e-5,5.44e-5,9.1e-5,6.02e-5,8.4e-5,5.7e-5,2.43e-4,3.271e-4,4.19e-4,3.34e-4,1.83e-4,2.56e-4,4.29e-4,5.19e-4,4.76e-4,6.26e-4,2.14e-4,6.05e-4,0.00111,7.12e-4,1.63e-5,4.32e-4,2.06e-4,1.17e-4,1.18e-4,4.69e-4,2.73e-4,1.97e-4,1.47e-4,0.00108,0.0016,1.75e-4,2.47e-4,1.537e-4,2.2e-4,1.603e-4,4.11e-4,8.68e-5,9e-5,6.22e-4,1.326e-4,4.87e-4,3e-4,2.64e-4,0.001,2.05e-4,0.00124,1.89e-4
17744,1.9e-4,1.4e-5,7.2e-5,2.12e-4,7.98e-5,8.3e-5,8e-5,2.2e-5,1.07e-4,6.8e-5,4.8e-5,2.05e-4,3.27e-4,2.11e-5,4.11e-5,2.88e-4,3.7e-5,1.92e-4,3.79e-5,2.29e-5,7.9e-4,5.8e-5,3.18e-5,7.62e-5,3.05e-5,7.6e-5,8.7e-5,6e-5,1.99e-5,2.12e-5,1.8e-4,5.7e-4,8.7e-5,4.8e-5,2.92e-5,3.41e-5,4.34e-5,2.6e-5,5.1e-5,2e-4,1.222e-4,3.826e-4,2.24e-4,2.77e-4,1.4e-4,3.1e-4,2.85e-4,2.65e-4,4.45e-4,1.14e-4,2.75e-4,7.19e-4,2.1e-4,2.65e-5,2.58e-4,2.44e-4,0,9.8e-5,6.12e-4,2.31e-4,1.99e-4,1.4e-4,9.7e-4,0.00116,1.31e-4,2.91e-4,8.97e-5,5.1e-5,1.639e-4,1.48e-4,4.07e-5,7.1e-5,6.61e-4,4.61e-5,3.09e-4,2.11e-4,1.74e-4,6.1e-4,1.19e-4,7e-4,1e-4
17775,1.6e-4,9.7e-5,3.9e-5,1.85e-4,9.91e-5,7.3e-5,5.4e-5,4.2e-5,9.7e-5,9.5e-5,7.4e-5,1.55e-4,2.58e-4,3.05e-5,2.13e-5,2.43e-4,3.7e-5,7.1e-5,2.57e-5,1.94e-5,6.1e-4,6.1e-5,1.99e-5,5.41e-5,2.92e-5,7.7e-5,1.07e-4,5.7e-5,3.41e-5,1.2e-5,1.41e-4,4.7e-4,5.9e-5,5e-5,1.95e-5,2.06e-5,2.62e-5,4.3e-5,3.8e-5,1.72e-4,1.575e-4,5.63e-5,1.71e-4,3.17e-4,1.24e-4,3.01e-4,1.62e-4,2.95e-4,4.12e-4,1.61e-4,1.56e-4,6.58e-4,2.35e-4,3.38e-5,2.92e-4,1.5e-4,6.1e-5,8.1e-5,3.89e-4,9.5e-5,1.3e-4,3e-5,5.2e-4,7.6e-4,7.7e-5,2.39e-4,1.386e-4,2.3e-5,1.108e-4,1.79e-4,1.55e-5,5.7e-5,3.73e-4,6.42e-5,1.98e-4,1.52e-4,1.71e-4,5.6e-4,8.8e-5,6.5e-4,1.46e-4
17805,1.47e-4,1.72e-4,3.9e-5,1.24e-4,1.218e-4,9.8e-5,7.7e-5,4e-5,1.14e-4,6.4e-5,7.1e-5,1.83e-4,3.38e-4,1.35e-5,2.01e-5,2.3e-4,3.3e-5,9.4e-5,9.33e-5,1.42e-5,5.1e-4,4e-5,2.96e-5,4.82e-5,1.37e-5,4.3e-5,1.07e-4,8.8e-5,2.32e-5,3.66e-5,8.7e-5,4.3e-4,2.75e-4,4.9e-5,2.95e-5,3.49e-5,2.85e-5,5.3e-5,4.5e-5,1.48e-4,1.845e-4,1.197e-4,1.44e-4,1.71e-4,1.09e-4,2.6e-4,1.73e-4,2.84e-4,3.01e-4,8.2e-5,3.61e-4,9.5e-4,2.08e-4,1.76e-5,2.35e-4,1.7e-4,9.5e-5,6.8e-5,2.28e-4,3.37e-4,1.32e-4,2.3e-4,4.8e-4,9.5e-4,8.9e-5,2.14e-4,4.67e-5,3.7e-5,5.17e-5,4.3e-5,7.11e-5,6.9e-5,3.83e-4,4.64e-5,2.1e-4,1.63e-4,2.36e-4,4.8e-4,8.3e-5,5.6e-4,1.46e-4
17836,1.55e-4,8.3e-5,7.3e-5,1.63e-4,1.082e-4,5e-5,5.7e-5,3.9e-5,7.8e-5,6.2e-5,4e-5,1.97e-4,2.99e-4,2.03e-5,2.38e-5,2.51e-4,7.8e-5,6.4e-5,4.46e-5,4.2e-5,6e-4,4.3e-5,2.94e-5,5.82e-5,1.79e-5,7.4e-5,8.2e-5,5.3e-5,3.64e-5,1.3e-5,9.3e-5,4.3e-4,7.1e-5,3.4e-5,2.2e-5,1.01e-5,2.79e-5,3.3e-5,7.6e-5,1.41e-4,1.394e-4,1.16e-4,2.09e-4,1.81e-4,1.05e-4,2.41e-4,1.33e-4,2.46e-4,2.86e-4,7.7e-5,1.94e-4,4.73e-4,1.35e-4,2.67e-5,1.89e-4,6.8e-5,6.2e-5,6.1e-5,6.16e-4,3.54e-4,1.16e-4,7.3e-5,4.9e-4,5.9e-4,1.35e-4,2.29e-4,6.25e-5,3.5e-5,6.24e-5,0,1.58e-5,6.2e-5,3.64e-4,3.87e-5,2.25e-4,1.3e-4,1.65e-4,4.6e-4,7.1e-5,6.5e-4,1.29e-4
17866,2.29e-4,6.6e-5,9.2e-5,2.51e-4,6.44e-5,8.4e-5,6.2e-5,6.1e-5,8.9e-5,1.31e-4,4e-5,2.08e-4,2.75e-4,2.17e-5,5.87e-5,2.76e-4,8.1e-5,1.9e-5,5.02e-5,1.64e-5,6.4e-4,6.5e-5,6.03e-5,5.98e-5,3.63e-5,8.6e-5,9.2e-5,4.2e-5,5.45e-5,1.29e-5,1.32e-4,4.6e-4,8.7e-5,4.9e-5,3.46e-5,4.73e-5,2.78e-5,3.8e-5,9.6e-5,1.53e-4,1.239e-4,5.57e-5,2.14e-4,2.02e-4,1.08e-4,2.73e-4,2.22e-4,2.55e-4,3.24e-4,1.77e-4,2.17e-4,7.29e-4,1.89e-4,3.32e-5,3.38e-4,2.27e-4,0,7.3e-5,3.21e-4,2.21e-4,1.7e-4,9.8e-5,6.2e-4,6.5e-4,1.1e-4,7.8e-5,5.43e-5,9.9e-5,1.02e-4,1.39e-4,3.49e-5,5.8e-5,3.19e-4,6.29e-5,2.28e-4,2.1e-4,1.91e-4,5.7e-4,1.19e-4,6.5e-4,1.61e-4
17897,2.33e-4,5.5e-5,7.9e-5,2.42e-4,9.27e-5,7.7e-5,7.8e-5,7.9e-5,1.02e-4,8e-5,6.2e-5,2.04e-4,2.21e-4,3.71e-5,6.33e-5,2.51e-4,4.6e-5,4.7e-5,5.32e-5,2.08e-5,5e-4,4e-5,2.88e-5,4.86e-5,3.19e-5,9.1e-5,9.2e-5,4.7e-5,3.84e-5,1.03e-5,1.06e-4,3.8e-4,6.6e-5,3.4e-5,3.4e-5,4.38e-5,3.56e-5,6.1e-5,7.6e-5,1.54e-4,1.847e-4,4.46e-5,2.28e-4,1.9e-4,8.5e-5,2.84e-4,1.84e-4,2.21e-4,3.12e-4,1.76e-4,1.97e-4,9.84e-4,2.6e-4,3.18e-5,2.75e-4,1.25e-4,6e-5,6.9e-5,2.47e-4,4.22e-4,1.63e-4,8.2e-5,3.9e-4,5.9e-4,1.04e-4,8.6e-5,6.26e-5,4.9e-5,5.77e-5,8.3e-5,3.18e-5,6.8e-5,4.15e-4,4.85e-5,2.18e-4,2.02e-4,1.94e-4,6.9e-4,9.6e-5,7.5e-4,1.29e-4
17928,1.82e-4,1.07e-4,6.9e-5,2.65e-4,1.053e-4,6.1e-5,1.14e-4,6.7e-5,1.08e-4,1.12e-4,7.5e-5,1.81e-4,2.35e-4,3.91e-5,5.35e-5,2.55e-4,1.2e-4,6.7e-5,3.11e-5,1.6e-5,6.1e-4,5.6e-5,2.34e-5,6.44e-5,4.19e-5,7.6e-5,1.24e-4,4.6e-5,3.56e-5,9.6e-6,1.38e-4,4.6e-4,8.1e-5,7.8e-5,5.42e-5,5.8e-5,3.16e-5,4.1e-5,8e-5,1.61e-4,2.565e-4,1.408e-4,2.31e-4,2.43e-4,1.42e-4,2.37e-4,2.67e-4,3.59e-4,3.58e-4,1.71e-4,3.39e-4,3.9e-4,3.38e-4,4.31e-5,4.32e-4,1.15e-4,2.8e-5,6.9e-5,1.72e-4,2.32e-4,1.33e-4,1.29e-4,4.3e-4,7e-4,1.36e-4,2.17e-4,3.907e-4,1.5e-5,1.089e-4,1.4e-4,7e-5,8e-5,3.59e-4,8.53e-5,2.56e-4,1.9e-4,2.28e-4,7.2e-4,1.13e-4,7.6e-4,1.32e-4
17956,1.77e-4,8.8e-5,6.4e-5,2.02e-4,1.016e-4,1.14e-4,6.2e-5,1e-4,1.01e-4,1.22e-4,7.4e-5,2.1e-4,3.3e-4,4.4e-6,4.64e-5,4.72e-4,6.5e-5,9.4e-5,8.49e-5,5.8e-5,6.1e-4,3.2e-5,1.88e-5,5.89e-5,5.67e-5,5.1e-5,1.17e-4,5.7e-5,4.28e-5,2.86e-5,1.32e-4,5.2e-4,6.8e-5,4.4e-5,4.94e-5,5.51e-5,1.27e-5,6.5e-5,6.2e-5,2.15e-4,9.07e-5,2.97e-5,2.02e-4,2e-4,1.43e-4,3.54e-4,3.34e-4,3.77e-4,3.81e-4,1.47e-4,2.38e-4,7.23e-4,7.49e-4,2.77e-5,3.81e-4,1.49e-4,0,1.42e-4,2.48e-4,2.45e-4,1.55e-4,1.9e-4,4.4e-4,7.1e-4,7.4e-5,1.41e-4,1.142e-4,8.1e-5,1.012e-4,6.1e-5,7.42e-5,4.8e-5,3.57e-4,5.96e-5,2.92e-4,1.44e-4,2.33e-4,7.5e-4,1.21e-4,7.7e-4,1.57e-4
17987,2.32e-4,1.05e-4,2.5e-5,2.13e-4,8.08e-5,8.5e-5,7.7e-5,9.2e-5,1.58e-4,8.1e-5,8.4e-5,2.37e-4,2.87e-4,2.88e-5,2.41e-5,4.53e-4,6.2e-5,1.3e-4,4.27e-5,6.78e-5,7.5e-4,4.2e-5,2.23e-5,5.59e-5,6.52e-5,1.54e-4,1.52e-4,6.3e-5,3.59e-5,1.12e-5,2.38e-4,5.5e-4,1.01e-4,5.3e-5,3.61e-5,1.205e-4,1.6e-5,5.6e-5,3.8e-5,1.87e-4,2.551e-4,1.215e-4,3.07e-4,2.15e-4,1.82e-4,2.84e-4,3.11e-4,3.85e-4,4.41e-4,1.71e-4,5.33e-4,6.56e-4,6.17e-4,2.42e-5,4.5e-4,1.71e-4,3.3e-5,1.13e-4,2.44e-4,4.35e-4,1.69e-4,1.1e-4,5.7e-4,8.3e-4,9.6e-5,1.28e-4,1.253e-4,1.54e-4,1.189e-4,2.24e-4,5.51e-5,9.4e-5,3.28e-4,7.9e-5,3.2e-4,2.19e-4,1.89e-4,9.6e-4,1.75e-4,0.00102,1.44e-4
18017,2.79e-4,8e-5,9.9e-5,2.66e-4,1.259e-4,1.49e-4,1.29e-4,1.04e-4,1.88e-4,1.65e-4,7.4e-5,2.94e-4,3.64e-4,1.36e-5,8.7e-5,3.72e-4,1.73e-4,9.8e-5,2.43e-5,1.038e-4,9.2e-4,1.42e-4,4.64e-5,1.083e-4,7.05e-5,1.69e-4,1.93e-4,1.11e-4,5.63e-5,4.16e-5,3.02e-4,6.3e-4,1.56e-4,7.1e-5,6.91e-5,7.29e-5,2.3e-5,7.3e-5,7e-5,2.29e-4,9.72e-5,3.126e-4,3.44e-4,2.49e-4,1.66e-4,3.17e-4,5.11e-4,5.12e-4,5.5e-4,2.8e-4,5.15e-4,0.001075,6.24e-4,4.02e-5,6.89e-4,3.87e-4,3.4e-5,1.06e-4,3.02e-4,1.24e-4,1.87e-4,1.55e-4,8.4e-4,9.6e-4,7.2e-5,2e-4,2.113e-4,1.63e-4,1.888e-4,3.89e-4,1.333e-4,9.9e-5,7.29e-4,1.047e-4,4.16e-4,2.11e-4,3.65e-4,0.00108,2.79e-4,0.00133,2.27e-4
18048,3.57e-4,8.6e-5,9.8e-5,2.58e-4,1.629e-4,1.41e-4,1.34e-4,1.59e-4,1.97e-4,1.38e-4,7.7e-5,2.98e-4,3.86e-4,1.69e-5,7.21e-5,4.47e-4,1.54e-4,1.37e-4,1.113e-4,1.055e-4,9.9e-4,5.6e-5,8.7e-5,7.58e-5,7.64e-5,6.4e-5,1.69e-4,1.07e-4,2.26e-5,2.54e-5,2.8e-4,7.1e-4,1.32e-4,7e-5,8.44e-5,1.226e-4,5.09e-5,9.2e-5,8.3e-5,2.4e-4,1.987e-4,1.807e-4,3.77e-4,2.76e-4,2.12e-4,4.98e-4,4.82e-4,7.18e-4,7.21e-4,4.57e-4,4.26e-4,0.001615,4.74e-4,6.38e-5,5.82e-4,5.65e-4,3.5e-5,1.42e-4,3.15e-4,3.68e-4,2.18e-4,1.83e-4,0.00102,0.00127,9e-5,1.49e-4,1.412e-4,1.4e-4,1.03e-4,2.05e-4,1.211e-4,8.8e-5,7.34e-4,1.15e-4,4.56e-4,2.18e-4,3.43e-4,0.00122,1.46e-4,0.00116,2.1e-4
18078,2.02e-4,5.4e-5,6.4e-5,2.2e-4,9.65e-5,8.4e-5,1.13e-4,7.9e-5,1.5e-4,1.04e-4,9.4e-5,2.52e-4,3.17e-4,3.69e-5,5.01e-5,4.85e-4,1.37e-4,2.11e-4,1.132e-4,9.35e-5,9e-4,1.16e-4,5.7e-5,7.02e-5,6.48e-5,7.9e-5,1.45e-4,8e-5,9.61e-5,6.35e-5,2.46e-4,5.8e-4,9.9e-5,7e-5,5.67e-5,6.16e-5,5.34e-5,4.1e-5,5.2e-5,2.35e-4,4.314e-4,8.34e-5,2.52e-4,2.08e-4,1.71e-4,3.95e-4,2.64e-4,4.57e-4,4.86e-4,2.31e-4,0.00064899999999999995,0.001101,4.1e-4,5.43e-5,5.43e-4,2.61e-4,1.4e-4,1.08e-4,2.25e-4,7.23e-4,2.85e-4,1.16e-4,8.8e-4,0.00109,1e-4,2e-4,1.048e-4,2.4e-4,1.799e-4,3.97e-4,1.369e-4,9.2e-5,6.44e-4,1.094e-4,3.72e-4,1.99e-4,2.83e-4,7.9e-4,1.28e-4,9.4e-4,1.29e-4
18109,1.99e-4,6.3e-5,5.2e-5,1.82e-4,8.04e-5,7.4e-5,4.7e-5,6.7e-5,1.96e-4,1.31e-4,5e-5,2.16e-4,4.03e-4,5.57e-5,5.26e-5,3.14e-4,9.7e-5,9.4e-5,1.52e-4,9.94e-5,7.3e-4,5e-5,3.98e-5,6.04e-5,3.04e-5,4.9e-5,1.17e-4,5.1e-5,3.15e-5,1.11e-5,1.91e-4,5e-4,7.6e-5,4.3e-5,3.87e-5,4.56e-5,3.48e-5,2.6e-5,6e-5,2.55e-4,2.674e-4,1.61e-5,1.82e-4,1.74e-4,1.07e-4,3.55e-4,2e-4,3.98e-4,3.94e-4,1.32e-4,4.59e-4,9.1e-4,2.97e-4,5.13e-5,3.25e-4,2.2e-4,2.62e-4,1.58e-4,3.69e-4,4.9e-4,2.91e-4,1.45e-4,7.4e-4,9e-4,9.5e-5,1.12e-4,2.848e-4,1.78e-4,1.97e-4,1.35e-4,1.13e-4,7.3e-5,7.73e-4,5.21e-5,2.76e-4,1.71e-4,1.78e-4,6.1e-4,6.5e-5,7.8e-4,1.41e-4
18140,2.01e-4,6.5e-5,4.8e-5,2.59e-4,9.54e-5,9.2e-5,7.8e-5,4.4e-5,1.05e-4,7.8e-5,6e-5,1.69e-4,3.28e-4,4.55e-5,4.56e-5,2.35e-4,8.2e-5,1.18e-4,7.06e-5,6.03e-5,6e-4,6.3e-5,8.65e-5,4.98e-5,2.26e-5,6.4e-5,7.9e-5,4.9e-5,1.31e-5,1.93e-5,1.79e-4,4.1e-4,9.3e-5,6.2e-5,2.05e-5,3.5e-5,4.54e-5,2.9e-5,3.6e-5,2.08e-4,2.323e-4,1.614e-4,1.53e-4,1.84e-4,1.36e-4,3.58e-4,1.66e-4,3.16e-4,4.39e-4,1.18e-4,4.58e-4,0.001957,2.39e-4,3.6e-6,2.81e-4,2.98e-4,0,7.4e-5,2.11e-4,6.82e-4,1.59e-4,5.7e-5,5.4e-4,6.5e-4,7.8e-5,1.96e-4,1.236e-4,1.66e-4,1.267e-4,2.01e-4,5.89e-5,1.05e-4,3.63e-4,8.1e-5,2.36e-4,1.56e-4,1.56e-4,5.4e-4,9.4e-5,6.5e-4,9.7e-5
18170,1.77e-4,2.7e-5,5.8e-5,1.78e-4,9.64e-5,9.6e-5,5.1e-5,7.3e-5,7.8e-5,7.6e-5,4e-5,1.74e-4,2.5e-4,2.19e-5,2.99e-5,2.63e-4,9.7e-5,1.44e-4,6.58e-5,5.71e-5,5.6e-4,4.7e-5,2.73e-5,4.74e-5,2.72e-5,6.2e-5,9.3e-5,7.1e-5,2.62e-5,3.1e-6,1.14e-4,4.1e-4,7.3e-5,5.7e-5,2.83e-5,3.85e-5,2.93e-5,4.6e-5,6.6e-5,2.06e-4,1.357e-4,8.56e-5,1.7e-4,2.09e-4,9.5e-5,3.38e-4,1.69e-4,2.94e-4,3.06e-4,1.03e-4,1.63e-4,0.001549,2.5e-4,1.07e-5,3.27e-4,1.42e-4,5.4e-5,8.3e-5,2.3e-4,5.14e-4,1.64e-4,9.4e-5,3.7e-4,6.2e-4,8.5e-5,1.23e-4,7.48e-5,1.77e-4,1.505e-4,7.7e-5,9.19e-5,7.9e-5,5.03e-4,4.13e-5,2.23e-4,1.05e-4,1.59e-4,5.3e-4,8e-5,6.2e-4,1.09e-4
18201,1.77e-4,1.14e-4,5.8e-5,1.62e-4,3.83e-5,1.05e-4,3.7e-5,6.7e-5,9.3e-5,6.5e-5,4e-5,1.68e-4,2.28e-4,1.68e-5,6.3e-5,1.93e-4,6.4e-5,4.2e-5,1.12e-4,1.03e-5,7.2e-4,4.9e-5,2.59e-5,6.59e-5,2.56e-5,5.7e-5,7.2e-5,2.5e-5,2.45e-5,1.16e-5,1.3e-4,4.9e-4,1.21e-4,4.3e-5,4.89e-5,4.73e-5,2.37e-5,4.2e-5,4e-5,1.59e-4,1.401e-4,8.05e-5,1.37e-4,1.38e-4,9.9e-5,2.52e-4,1.63e-4,2.19e-4,3.15e-4,9.5e-5,1.11e-4,2.97e-4,2.48e-4,3.41e-5,2.94e-4,1.8e-4,7.4e-5,5.1e-5,2.01e-4,5.53e-4,1.39e-4,2.9e-5,4e-4,6.9e-4,7.2e-5,9.9e-5,4.53e-5,1.61e-4,6.25e-5,1.69e-4,9.52e-5,9.1e-5,2.3e-4,4.84e-5,2.19e-4,1.31e-4,1.48e-4,4.8e-4,9.3e-5,5.6e-4,1.15e-4
18231,1.83e-4,2.2e-5,7.8e-5,1.45e-4,7.24e-5,7.4e-5,9.9e-5,6.1e-5,1.75e-4,1.07e-4,4.8e-5,1.71e-4,2.34e-4,4.29e-5,6.01e-5,2.55e-4,5.3e-5,5.2e-5,6.86e-5,2.01e-5,6e-4,3.6e-5,3.67e-5,7.46e-5,1.66e-5,1.02e-4,7.2e-5,5.2e-5,4.66e-5,1.72e-5,1.38e-4,4e-4,1.04e-4,6.9e-5,3.05e-5,1.91e-5,5.38e-5,5.8e-5,4.4e-5,1.49e-4,1.968e-4,1.525e-4,2.54e-4,1.64e-4,1.26e-4,3.18e-4,1.83e-4,2.67e-4,3.46e-4,1.32e-4,2.64e-4,3.37e-4,3.76e-4,3.94e-5,2.64e-4,1.81e-4,0,7.5e-5,2.55e-4,1.87e-4,1.39e-4,3.2e-5,2.9e-4,6.9e-4,9.6e-5,1.17e-4,4.29e-5,5e-5,1.498e-4,4.9e-5,5.87e-5,6.4e-5,3.06e-4,7.28e-5,2.89e-4,1.42e-4,1.91e-4,6.7e-4,9.4e-5,6.7e-4,2.1e-4
18262,1.89e-4,1.3e-5,8.3e-5,2.5e-4,1.091e-4,7e-5,8.2e-5,9.5e-5,1.13e-4,8.8e-5,4.4e-5,2.01e-4,2.21e-4,4.91e-5,6.01e-5,3.35e-4,9e-5,1.02e-4,3.04e-5,2.09e-5,5e-4,4.7e-5,2.56e-5,5.5e-5,4.54e-5,7.9e-5,1e-4,5.8e-5,3.24e-5,4.33e-5,1.57e-4,3.6e-4,7.3e-5,5.5e-5,3.2e-5,2.81e-5,4.32e-5,2.6e-5,5.4e-5,1.43e-4,1.634e-4,8.02e-5,2.05e-4,1.29e-4,9.1e-5,2.5e-4,2.28e-4,2.88e-4,2.91e-4,1.41e-4,1.77e-4,6.65e-4,2.57e-4,1.21e-5,2.72e-4,9.5e-5,0,5.2e-5,3.02e-4,1.71e-4,1.25e-4,9.3e-5,3.7e-4,5.2e-4,1.07e-4,6.7e-5,5.52e-5,1.35e-4,1.02e-4,7.1e-5,1.42e-5,5.5e-5,3.36e-4,9.15e-5,2.38e-4,1.61e-4,1.69e-4,6.4e-4,8.9e-5,7.9e-4,1.91e-4
18293,1.8e-4,4.8e-5,5.6e-5,1.1e-4,3.37e-5,4.1e-5,5.4e-5,4.8e-5,7.6e-5,7.2e-5,7.7e-5,1.73e-4,1.69e-4,2.51e-5,5.49e-5,1.64e-4,4.9e-5,5.1e-5,8.75e-5,1.28e-5,6.2e-4,5.9e-5,2.63e-5,4.31e-5,6.22e-5,6.6e-5,1.01e-4,4.4e-5,3.35e-5,1.67e-5,1.41e-4,3.6e-4,8.3e-5,5.7e-5,4.14e-5,3.47e-5,1.69e-5,2.3e-5,4.8e-5,1.14e-4,2.036e-4,1.483e-4,1.36e-4,6.7e-5,8.1e-5,1.15e-4,1.33e-4,2.28e-4,3.42e-4,1.04e-4,1.59e-4,1.9e-4,2.52e-4,2.75e-5,1.76e-4,1.34e-4,4.5e-5,6.7e-5,2.32e-4,2.52e-4,1.4e-4,8e-5,4.6e-4,4.2e-4,6.2e-5,9.9e-5,9.13e-5,1.47e-4,5.74e-5,1.13e-4,9.1e-6,5.2e-5,2.94e-4,2.44e-5,2.09e-4,1.36e-4,2.37e-4,4.5e-4,7.9e-5,4.5e-4,5.5e-5
18322,3.3e-5,1.9e-5,1e-5,3.6e-5,9.5e-6,1.9e-5,2.7e-5,1.1e-5,2.4e-5,2.5e-5,1.8e-5,7e-5,5.8e-5,5.6e-6,9.5e-6,6.7e-5,2.5e-5,0,1.36e-5,2.4e-6,2.3e-4,1.2e-5,3.6e-6,8.8e-6,1.51e-5,1e-5,2.3e-5,1.5e-5,8.1e-6,0,2.8e-5,1.1e-4,1.9e-5,1.2e-5,3.9e-6,5.3e-6,2.4e-6,1.1e-5,1e-5,3.7e-5,5.8e-6,8.9e-6,4e-5,1e-5,2.6e-5,2.4e-5,3.8e-5,3.5e-5,7.4e-5,1.5e-5,6.1e-5,2.7e-5,3.3e-5,3.6e-6,3e-5,5e-5,3.4e-5,4.3e-5,6.4e-5,0,4e-5,1.5e-5,1.2e-4,1.6e-4,1.6e-5,4.8e-5,6.4e-6,2e-5,5.9e-6,0,1.09e-5,1.3e-5,1.33e-4,8.5e-6,7.2e-5,4.4e-5,8.1e-5,1.1e-4,2.2e-5,1.6e-4,3.5e-5
18353,9.8e-5,1.5e-5,1.5e-5,6.5e-5,2.32e-5,2.7e-5,8.2e-5,1.1e-5,5.5e-5,3.6e-5,2.9e-5,1.06e-4,1.1e-4,1.97e-5,1.92e-5,1.53e-4,7.3e-5,3.3e-5,2.98e-5,1.47e-5,2.9e-4,1.8e-5,1.02e-5,3.89e-5,6.6e-6,3.6e-5,6.8e-5,2.3e-5,0,2.41e-5,6.7e-5,1.7e-4,6.6e-5,1.3e-5,7.2e-6,3.83e-5,2.85e-5,2.5e-5,3.3e-5,7.8e-5,3.56e-5,1.129e-4,8e-5,4.6e-5,4.4e-5,6.2e-5,6e-5,1.08e-4,1.29e-4,5.3e-5,1e-4,1.01e-4,8.6e-5,1.66e-5,1.28e-4,1.53e-4,5.7e-5,3.4e-5,5.1e-5,8.4e-5,9.4e-5,3.2e-5,2.2e-4,2.3e-4,1.2e-5,5.6e-5,4.1e-6,7.7e-5,3.79e-5,1.4e-5,2.78e-5,1.4e-5,1.78e-4,2.76e-5,1.22e-4,7.9e-5,8.3e-5,3.3e-4,4.5e-5,3.7e-4,3.6e-5
18383,1.21e-4,2.6e-5,4.9e-5,9.9e-5,4.62e-5,9.1e-5,5.7e-5,1.7e-5,8.4e-5,1.05e-4,2.8e-5,1.91e-4,1.46e-4,2.84e-5,2.82e-5,2.29e-4,6e-5,6.6e-5,1.87e-5,6.59e-5,5.2e-4,2.7e-5,1.33e-5,5.79e-5,5.43e-5,1.72e-4,1.3e-4,5e-5,2.34e-5,2.02e-5,1.78e-4,3.7e-4,1.24e-4,4.2e-5,1.45e-5,2.5e-5,2.17e-5,2.4e-5,7.7e-5,1.08e-4,8.29e-5,9.31e-5,1.69e-4,6.9e-5,9.5e-5,1.43e-4,1.87e-4,1.85e-4,3.03e-4,1.49e-4,2.36e-4,1.9e-4,1.26e-4,2.18e-5,3.87e-4,3.22e-4,9e-5,4.8e-5,3.87e-4,3.35e-4,1.72e-4,5.3e-5,5e-4,4.1e-4,5.3e-5,9.5e-5,5.79e-5,5e-5,4.9e-5,1.54e-4,6.72e-5,3.8e-5,3.72e-4,4.54e-5,2.32e-4,1.33e-4,1.97e-4,5.3e-4,7.9e-5,7.5e-4,6.6e-5
18414,8.8e-5,1e-5,4.2e-5,8.2e-5,1.66e-5,7.6e-5,2.8e-5,1e-5,7e-5,6.4e-5,2.8e-5,1.19e-4,1.52e-4,1.68e-5,3.19e-5,1.82e-4,6e-5,1.26e-4,9.32e-5,1.51e-5,3.2e-4,2e-5,2.63e-5,4.04e-5,4.46e-5,9.8e-5,7.6e-5,4e-5,3.13e-5,2.34e-5,9.8e-5,2.3e-4,6.3e-5,3.4e-5,2.91e-5,5.5e-5,3.54e-5,1.5e-5,2.5e-5,7.4e-5,8.22e-5,1.28e-5,1.29e-4,5.3e-5,7.6e-5,1.06e-4,1.87e-4,1.65e-4,3.3e-4,7.9e-5,2.12e-4,3.14e-4,1.03e-4,1.79e-5,1.4e-4,2.33e-4,0,1.07e-4,6.1e-5,2.78e-4,5.6e-5,5.6e-5,3e-4,2.6e-4,6e-5,6.8e-5,1.05e-5,0,4.72e-5,8.65e-4,2.07e-5,3.2e-5,2.38e-4,2.99e-5,1.84e-4,9.8e-5,1.84e-4,3.6e-4,5.9e-5,5.9e-4,2.8e-5
18444,1.85e-4,2.4e-5,5.5e-5,1.26e-4,1.93e-5,6.7e-5,6e-5,1.2e-5,1.34e-4,9.5e-5,4.1e-5,1.91e-4,1.42e-4,1.98e-5,7.21e-5,2.68e-4,1.42e-4,8.8e-5,1.839e-4,2.31e-5,7.2e-4,5.8e-5,4.55e-5,7.45e-5,4.4e-5,9.9e-5,8.5e-5,6e-5,8.8e-6,2.33e-5,1.38e-4,4.7e-4,9.7e-5,6.3e-5,9.75e-5,1.38e-5,2.88e-5,3e-5,4e-5,1.48e-4,7.69e-5,1.177e-4,1.98e-4,9.9e-5,1.32e-4,1.97e-4,1.97e-4,2.45e-4,4.08e-4,1.44e-4,2.32e-4,1.64e-4,1.7e-4,1.46e-5,2.54e-4,2.73e-4,7.7e-5,1.31e-4,4.14e-4,1.92e-4,1.63e-4,3.7e-5,4.5e-4,8.7e-4,9.1e-5,1.04e-4,8.62e-5,8.7e-5,4.38e-5,5.39e-4,1.206e-4,7.2e-5,3.29e-4,9.27e-5,2.81e-4,1.67e-4,3.59e-4,6.2e-4,8.1e-5,9.7e-4,1e-4
18475,3.17e-4,1.22e-4,9.1e-5,1.84e-4,5.33e-5,1.25e-4,7.4e-5,1.5e-4,3.25e-4,1.81e-4,7.9e-5,3.79e-4,4.23e-4,3.35e-5,1.609e-4,3.03e-4,2.95e-4,1.73e-4,1.256e-4,6.47e-5,0.00122,1.02e-4,7.57e-5,1.356e-4,1.692e-4,7.4e-5,2e-4,1.25e-4,3.46e-5,8.4e-5,2.52e-4,8.7e-4,3.24e-4,1.01e-4,1.602e-4,6.78e-5,4.88e-5,7.7e-5,1.27e-4,2.93e-4,1.662e-4,1.433e-4,2.53e-4,1.43e-4,2.23e-4,3.83e-4,3.39e-4,5e-4,8.05e-4,2.96e-4,7.17e-4,6.44e-4,3.01e-4,5.79e-5,5.44e-4,7.39e-4,9.5e-5,1.19e-4,0.00105,6.78e-4,3.89e-4,1.15e-4,8.4e-4,0.00162,1.6e-4,1.69e-4,8.07e-5,6.7e-5,1.054e-4,2.28e-4,2e-5,7.9e-5,5.46e-4,1.887e-4,5.04e-4,2.9e-4,8.83e-4,0.00124,2.17e-4,0.00148,2.52e-4
18506,1.95e-4,2.7e-5,4.6e-5,1.39e-4,7.47e-5,1.44e-4,1.02e-4,3.9e-5,1.09e-4,8.4e-5,5.8e-5,1.99e-4,2.4e-4,2.52e-5,6.75e-5,2.22e-4,1.3e-4,1.07e-4,6.83e-5,5.35e-5,6.8e-4,3.4e-5,1.58e-5,8.16e-5,8.94e-5,5.3e-5,9.4e-5,8.6e-5,5.88e-5,1.93e-5,1.4e-4,4.6e-4,2.44e-4,7.6e-5,3.83e-5,6.12e-5,3.1e-5,3.8e-5,4.2e-5,1.41e-4,6.24e-5,1.338e-4,1.33e-4,7.4e-5,1.05e-4,1.91e-4,2.07e-4,2.43e-4,4.05e-4,1.4e-4,3.42e-4,2.92e-4,2.81e-4,3.88e-5,2.81e-4,3.87e-4,0,1.04e-4,4.73e-4,3.61e-4,2.08e-4,7.8e-5,5.9e-4,8.2e-4,8.4e-5,1.26e-4,4.39e-5,1.37e-4,8.56e-5,1.05e-4,4.71e-5,4.9e-5,3.29e-4,1.21e-4,2.46e-4,1.34e-4,4.42e-4,7.5e-4,1.83e-4,6.7e-4,1.04e-4
18536,1.77e-4,7.5e-5,3.8e-5,1.31e-4,9.53e-5,6.8e-5,1.46e-4,1.6e-5,8.4e-5,7.7e-5,4.4e-5,1.47e-4,1.84e-4,1.54e-5,1.82e-5,1.6e-4,9.4e-5,5.4e-5,1.14e-4,7.8e-6,5e-4,4.4e-5,2.46e-5,6.4e-5,4.56e-5,9.7e-5,1.08e-4,3.9e-5,8.7e-6,2.73e-5,1.01e-4,3.5e-4,1.08e-4,5.2e-5,3.12e-5,3.49e-5,4.27e-5,3.9e-5,2.9e-5,9.1e-5,1.687e-4,4.9e-5,1.11e-4,9.7e-5,1.51e-4,1.46e-4,2.2e-4,2.5e-4,3.92e-4,1.41e-4,1.9e-4,1.87e-4,1.6e-4,2.48e-5,3.07e-4,2.08e-4,5.5e-5,7.1e-5,2.7e-4,3.43e-4,2.21e-4,3.8e-5,4.2e-4,4.3e-4,8.3e-5,1.1e-4,8.64e-5,2e-5,1.003e-4,2.8e-5,2.8e-5,4.1e-5,1.12e-4,6.79e-5,2.01e-4,8.6e-5,3.3e-4,4.6e-4,9.2e-5,4.3e-4,4.8e-5
18567,1.04e-4,2.7e-5,3e-5,1.22e-4,3.79e-5,5e-5,4.8e-5,5.7e-5,7.7e-5,4.4e-5,4.3e-5,1.69e-4,2.15e-4,2.28e-5,3.56e-5,1.7e-4,9.4e-5,7.9e-5,7.94e-5,3.68e-5,4.6e-4,1.2e-5,1.98e-5,5.33e-5,9.85e-5,8.3e-5,1.05e-4,4.5e-5,2.15e-5,1.38e-5,9.2e-5,3.3e-4,1.07e-4,4.3e-5,1.54e-4,4.94e-5,1.41e-5,7e-5,3.7e-5,1.26e-4,8.83e-5,6.09e-5,1.33e-4,1.3e-4,1.45e-4,1.92e-4,1.33e-4,2.66e-4,3.79e-4,1.66e-4,2.71e-4,2.73e-4,1.4e-4,3.78e-5,3.21e-4,2.62e-4,0,4e-5,2.57e-4,1.54e-4,1.5e-4,6.1e-5,3.1e-4,4.3e-4,8e-5,1e-4,7.8e-6,5.2e-5,8.37e-5,4.4e-5,4.1e-6,5.6e-5,6.9e-5,5.57e-5,2.24e-4,1.22e-4,2.96e-4,4.3e-4,1.25e-4,6.2e-4,4.7e-5
18597,1.49e-4,3.6e-5,7e-5,1.94e-4,1.859e-4,1.23e-4,7.6e-5,3.1e-5,9.7e-5,1.07e-4,7.3e-5,2.01e-4,2.16e-4,1.8e-5,4.12e-5,3.15e-4,8.6e-5,1.02e-4,6.8e-5,1.13e-5,5.8e-4,6.9e-5,3.82e-5,6.84e-5,6.44e-5,6e-5,1.26e-4,6.4e-5,6.6e-6,4.7e-5,9.1e-5,3.7e-4,1.34e-4,9.9e-5,6.09e-5,6.55e-5,1.05e-5,9.2e-5,6.1e-5,1.49e-4,1.778e-4,7.21e-5,1.46e-4,1.82e-4,1.22e-4,1.97e-4,3.02e-4,3.71e-4,4.58e-4,2.19e-4,2.51e-4,3.68e-4,2.68e-4,6.64e-5,3.64e-4,2.9e-4,0,6.7e-5,1.68e-4,4.56e-4,1.35e-4,1.19e-4,5.3e-4,6.6e-4,1.19e-4,1.3e-4,7.33e-5,1.17e-4,9.28e-5,9.2e-5,2.54e-5,4.7e-5,1.52e-4,9.93e-5,2.81e-4,1.24e-4,4.75e-4,5.9e-4,1.27e-4,9e-4,9.8e-5
18628,1.86e-4,2.9e-5,9.7e-5,2.16e-4,1.631e-4,1.2e-4,9.6e-5,6.9e-5,1.21e-4,1.15e-4,5e-5,2.44e-4,3.43e-4,4.36e-5,6.18e-5,3.22e-4,9.1e-5,4e-5,1.796e-4,2.22e-5,6.4e-4,4e-5,3.51e-5,7.84e-5,7.81e-5,9.6e-5,1.74e-4,8.5e-5,5.55e-5,1.27e-5,1.52e-4,4.4e-4,1.62e-4,1e-4,9.21e-5,6.32e-5,1.87e-5,6.3e-5,6.9e-5,1.83e-4,1.039e-4,9.19e-5,3.04e-4,1.72e-4,2.85e-4,2.28e-4,2.77e-4,4.06e-4,5e-4,2.04e-4,3.46e-4,4.45e-4,2.44e-4,4.75e-5,3.72e-4,2.4e-4,0,1.67e-4,1.03e-4,4.18e-4,2.13e-4,1.25e-4,6.3e-4,0.00093000000000000005,7.4e-5,1.77e-4,3.25e-5,3.7e-5,7.09e-5,6.7e-5,8.56e-5,1.77e-4,1.08e-4,5.75e-5,2.79e-4,2.03e-4,4.11e-4,7.8e-4,1.28e-4,8.4e-4,1.05e-4
18659,2.87e-4,4.3e-5,9.8e-5,2.39e-4,2.011e-4,9.3e-5,1.63e-4,6.9e-5,1.69e-4,9.7e-5,9.1e-5,2.49e-4,2.48e-4,3.77e-5,6.86e-5,3.58e-4,1.13e-4,7.1e-5,1.522e-4,5.85e-5,6.3e-4,1.6e-4,5.15e-5,1.257e-4,1.089e-4,1.67e-4,4.66e-4,1.08e-4,1.94e-5,5.76e-5,2.32e-4,4.5e-4,3.26e-4,1.01e-4,7.49e-5,9.83e-5,2.94e-5,7.3e-5,9.2e-5,2.16e-4,1.182e-4,1.561e-4,3.38e-4,1.59e-4,1.89e-4,2.58e-4,2.76e-4,4.33e-4,4.73e-4,2.25e-4,3.29e-4,2.47e-4,3e-4,6.95e-5,3.44e-4,3.74e-4,8.2e-5,1.5e-4,1.47e-4,4.21e-4,1.73e-4,7e-5,8.5e-4,7.8e-4,1.51e-4,2.18e-4,1.469e-4,1.03e-4,8.38e-5,1.11e-4,3.77e-5,9.6e-5,2.63e-4,1.092e-4,3.96e-4,2.39e-4,4.24e-4,0.00107,2.19e-4,0.00109,1.24e-4
18687,3.31e-4,7.1e-5,9.7e-5,2.3e-4,1.969e-4,1.31e-4,1.23e-4,4.3e-5,1.63e-4,1.31e-4,9.5e-5,2.65e-4,3.24e-4,2.82e-5,7.67e-5,4.66e-4,9.5e-5,1.06e-4,6.29e-5,6.12e-5,7e-4,4.5e-5,7.62e-5,1.348e-4,2.177e-4,1.35e-4,3.05e-4,1.6e-4,4.15e-5,2.16e-5,2.43e-4,4.8e-4,3.73e-4,9.3e-5,6.12e-5,1.035e-4,4.04e-5,1.82e-4,9.7e-5,2.6e-4,1.368e-4,1.457e-4,2.53e-4,1.7e-4,2.07e-4,3.07e-4,3.85e-4,4.34e-4,5.31e-4,3.22e-4,5.16e-4,2.86e-4,3.79e-4,4.44e-5,3.98e-4,2.69e-4,7.3e-5,1.28e-4,2.5e-4,3.44e-4,1.31e-4,1.18e-4,4.9e-4,7.4e-4,1.43e-4,1.73e-4,1.022e-4,3.37e-4,1.535e-4,7.6e-5,1.005e-4,1.1e-4,2.53e-4,2.358e-4,4.4e-4,2.48e-4,7.84e-4,9.2e-4,1.96e-4,0.00132,1.74e-4
18718,2.52e-4,6.9e-5,1.1e-4,4.02e-4,2.367e-4,1.69e-4,1.36e-4,5.6e-5,1.81e-4,1.43e-4,8.7e-5,2.94e-4,3.4e-4,4.71e-5,6.27e-5,4.07e-4,1.43e-4,1.46e-4,7.29e-5,1.617e-4,8.6e-4,6.9e-5,1.091e-4,1.135e-4,1.407e-4,1.68e-4,3.21e-4,1.23e-4,1.386e-4,3.69e-5,3.23e-4,5.6e-4,3.74e-4,2.22e-4,8.37e-5,1.109e-4,4.57e-5,2.13e-4,1.16e-4,3.41e-4,3.197e-4,2.257e-4,3.62e-4,1.84e-4,2.92e-4,4.32e-4,4.82e-4,5.31e-4,6.14e-4,4.96e-4,7.51e-4,2.23e-4,4.99e-4,4.01e-5,5.35e-4,4.48e-4,1.4e-4,1.47e-4,2.58e-4,5.72e-4,2.33e-4,1.72e-4,7.8e-4,7.5e-4,1.47e-4,1.44e-4,1.595e-4,2.71e-4,1.949e-4,4.6e-5,5.73e-5,8.8e-5,2.69e-4,2.031e-4,7.68e-4,3.15e-4,0.0011,0.00132,3.16e-4,0.00128,1.29e-4
18748,3.37e-4,6.5e-5,9.1e-5,4.05e-4,2.384e-4,2.34e-4,1.92e-4,7.8e-5,2.67e-4,1.47e-4,1.09e-4,3.25e-4,4.12e-4,3.54e-5,1.099e-4,4.56e-4,2.08e-4,1.62e-4,1.027e-4,4.18e-5,8.6e-4,1.92e-4,1.153e-4,1.929e-4,1.334e-4,1.8e-4,4.02e-4,1.54e-4,5.43e-5,7.55e-5,2.8e-4,5.9e-4,3.53e-4,1.15e-4,9.8e-5,1.234e-4,7.82e-5,2.41e-4,1.28e-4,3.57e-4,3.412e-4,2.112e-4,6.27e-4,1.89e-4,2.57e-4,4.29e-4,5.16e-4,6.28e-4,6.43e-4,8.66e-4,4.24e-4,4.61e-4,5.17e-4,5.08e-5,6.4e-4,5.22e-4,0,1.59e-4,4.38e-4,3.38e-4,1.76e-4,1.39e-4,8.5e-4,0.00117,1.57e-4,1.47e-4,1.946e-4,2.96e-4,2.251e-4,1.29e-4,1.26e-5,1.23e-4,6.51e-4,2.373e-4,6.13e-4,2.56e-4,7e-4,0.00144,2.99e-4,0.00169,2.22e-4
18779,2.76e-4,4.8e-5,8.1e-5,3.72e-4,1.238e-4,1.93e-4,9.7e-5,7.6e-5,1.39e-4,9.6e-5,8.1e-5,2.89e-4,3.4e-4,3.57e-5,9.81e-5,5.57e-4,1.13e-4,1.07e-4,5.35e-5,7.6e-5,8.6e-4,9.6e-5,8.27e-5,1.412e-4,1.835e-4,1.74e-4,2.88e-4,1.66e-4,3.51e-5,9.1e-5,2.39e-4,5.7e-4,3.49e-4,1.69e-4,8.23e-5,1.303e-4,3.83e-5,2.48e-4,1.56e-4,2.91e-4,3.746e-4,2.051e-4,5.19e-4,1.38e-4,2.61e-4,4.05e-4,5.44e-4,7.06e-4,6.55e-4,6.93e-4,3.92e-4,5.43e-4,4.84e-4,6.2e-5,5.24e-4,4.63e-4,0,1.68e-4,2.99e-4,3.7e-4,1.68e-4,2.37e-4,6.5e-4,0.00121,1.59e-4,2.39e-4,1.849e-4,2.45e-4,2.242e-4,1.77e-4,1.084e-4,1.03e-4,8.48e-4,2.699e-4,5.01e-4,3e-4,6.07e-4,0.00132,2.32e-4,0.00137,1.16e-4
18809,2.74e-4,9.5e-5,1.56e-4,2.06e-4,1.302e-4,1.49e-4,1.46e-4,7.8e-5,1.51e-4,1.58e-4,1.21e-4,2.7e-4,2.74e-4,5.77e-5,6.23e-5,3.66e-4,2.08e-4,1.64e-4,7.76e-5,7.83e-5,8.3e-4,4.1e-5,7.1e-5,1.355e-4,1.902e-4,1.79e-4,3.19e-4,1.3e-4,8.85e-5,4.62e-5,2.25e-4,5.3e-4,4.26e-4,1.45e-4,4.59e-5,7.69e-5,8.79e-5,2.28e-4,2.01e-4,2.6e-4,1.728e-4,2.83e-4,4.28e-4,1.82e-4,2.74e-4,4.3e-4,4.23e-4,5.26e-4,5.94e-4,5.43e-4,3.74e-4,7.77e-4,4.04e-4,6.14e-5,6.37e-4,4.1e-4,4.5e-5,1.82e-4,3.52e-4,8.3e-4,1.62e-4,3.02e-4,9.7e-4,0.00107,1.28e-4,1.4e-4,2.48e-4,1.44e-4,1.38e-4,2.73e-4,8.26e-5,1.3e-4,6.46e-4,2.013e-4,4.79e-4,3.24e-4,6.55e-4,0.00114,2.71e-4,0.00109,1.95e-4
18840,2.54e-4,5.8e-5,5.4e-5,2.49e-4,7.84e-5,9.9e-5,1.03e-4,5.5e-5,1.29e-4,1.21e-4,8.6e-5,2.14e-4,2.21e-4,1.85e-5,3.94e-5,3.09e-4,8.1e-5,1.3e-4,7.6e-5,3.6e-5,6.2e-4,4e-5,5.13e-5,1.025e-4,2.386e-4,1.13e-4,3.01e-4,1.1e-4,3.98e-5,3.94e-5,1.8e-4,4.2e-4,3.17e-4,1.09e-4,4.82e-5,5.36e-5,3.28e-5,2.46e-4,7.3e-5,2.09e-4,2.989e-4,1.037e-4,2.06e-4,1.45e-4,1.93e-4,2.6e-4,2.89e-4,3.79e-4,5.35e-4,3.7e-4,3.69e-4,4.93e-4,4.29e-4,5.04e-5,5.24e-4,4.18e-4,0,1.19e-4,3.22e-4,6.31e-4,1.82e-4,1.31e-4,7.1e-4,5.5e-4,1.03e-4,8.8e-5,1.293e-4,2.52e-4,1.236e-4,7e-5,1.039e-4,1.12e-4,5.06e-4,2.382e-4,4.09e-4,2.14e-4,4.49e-4,8.6e-4,1.8e-4,8.5e-4,1.33e-4
18871,1.62e-4,3.1e-5,6.3e-5,2.1e-4,7.96e-5,1.44e-4,5.5e-5,2.8e-5,1.34e-4,1.09e-4,6.7e-5,2.55e-4,1.65e-4,2.68e-5,2.96e-5,3.35e-4,1.06e-4,1.32e-4,3.63e-5,4.2e-5,6e-4,4.8e-5,5.34e-5,8.39e-5,1.981e-4,7e-5,1.71e-4,9.6e-5,3.03e-5,2.7e-5,2.23e-4,4.2e-4,2.7e-4,1.39e-4,4.24e-5,1.144e-4,5.25e-5,1.64e-4,7.9e-5,1.79e-4,8.38e-5,9.51e-5,2.39e-4,1.27e-4,1.59e-4,3.32e-4,2.27e-4,3.27e-4,4.35e-4,2.61e-4,4.66e-4,3.01e-4,2.09e-4,2.67e-5,3.88e-4,4.25e-4,5e-5,1.25e-4,2.52e-4,3.72e-4,1.83e-4,1.45e-4,4.6e-4,4.6e-4,8e-5,1.2e-4,1.45e-4,1.8e-4,1.559e-4,1.11e-4,5.46e-5,9.9e-5,6.22e-4,1.177e-4,3.88e-4,2.12e-4,5.04e-4,5.4e-4,1.61e-4,7e-4,1.08e-4
18901,1.34e-4,3e-5,4.9e-5,2.15e-4,8.13e-5,1.05e-4,4.2e-5,3.3e-5,1.28e-4,9.4e-5,4.4e-5,2.77e-4,2.12e-4,1.92e-5,2.92e-5,2.84e-4,1.1e-4,2.21e-4,3.57e-5,2.71e-5,5.6e-4,1.6e-5,2.25e-5,5.96e-5,1.644e-4,1.07e-4,1.46e-4,9.2e-5,3.21e-5,1.91e-5,1.81e-4,3.7e-4,2.19e-4,8.9e-5,4.59e-5,5.28e-5,2.24e-5,6.9e-5,8.6e-5,1.52e-4,6.02e-5,2.076e-4,1.79e-4,1.35e-4,1.42e-4,2.57e-4,1.59e-4,2.76e-4,3.63e-4,2.55e-4,2.58e-4,3.45e-4,1.96e-4,4.45e-5,3.31e-4,3.97e-4,9.5e-5,1.08e-4,1.84e-4,6.42e-4,1.44e-4,1.98e-4,4.9e-4,6.2e-4,8e-5,6e-5,7.12e-5,1.56e-4,8.58e-5,3.41e-4,4.6e-5,1.1e-4,9.1e-4,9.87e-5,3.35e-4,1.86e-4,3.71e-4,4.9e-4,1.75e-4,5.9e-4,1e-4
18932,1.47e-4,3.4e-5,1.03e-4,2.25e-4,6.41e-5,1.04e-4,6.4e-5,2.9e-5,1.07e-4,1.33e-4,3.8e-5,3.27e-4,2.45e-4,2.51e-5,2.36e-5,2.1e-4,1.16e-4,6.4e-5,4.29e-5,2.65e-5,5.7e-4,3.7e-5,2.29e-5,7.64e-5,1.075e-4,8.9e-5,1.11e-4,9.6e-5,3.11e-5,1.85e-5,1.52e-4,3.9e-4,2.02e-4,6.9e-5,2.48e-5,4.87e-5,2.19e-5,4.6e-5,4.3e-5,1.69e-4,1.064e-4,1.164e-4,2e-4,1.07e-4,1.31e-4,2.01e-4,1.39e-4,2.82e-4,2.98e-4,1.86e-4,2.05e-4,2.93e-4,2.36e-4,3.36e-5,2.78e-4,4.98e-4,2.9e-5,4.9e-5,2.24e-4,3.31e-4,1.2e-4,1.27e-4,4.9e-4,7.1e-4,7.7e-5,1.33e-4,7.16e-5,7.8e-5,1.086e-4,2.01e-4,7.64e-5,5.1e-5,8.88e-4,1.323e-4,2.76e-4,1.69e-4,4.22e-4,4.5e-4,1.53e-4,3.2e-4,9.7e-5
18962,1.87e-4,4.3e-5,4.9e-5,2.92e-4,1.022e-4,7.3e-5,6.4e-5,5.4e-5,9.1e-5,9.9e-5,5.2e-5,1.92e-4,2.38e-4,1.57e-5,2.48e-5,3.05e-4,6e-5,4.1e-5,3.19e-5,2.14e-5,5.5e-4,5.9e-5,4.15e-5,7.29e-5,1.963e-4,1.07e-4,1.3e-4,1.09e-4,6.55e-5,3.02e-5,1.54e-4,3.3e-4,2.46e-4,9.4e-5,5.77e-5,7.17e-5,2.83e-5,1.09e-4,7e-5,1.64e-4,2.031e-4,8.21e-5,2.21e-4,1.51e-4,1.03e-4,2.44e-4,2.13e-4,2.94e-4,3.61e-4,2.74e-4,3.49e-4,5.53e-4,2.24e-4,3.07e-5,2.3e-4,4.43e-4,8.8e-5,7.2e-5,2.63e-4,3.62e-4,1.63e-4,1.16e-4,6e-4,4.3e-4,9.3e-5,1.06e-4,1.446e-4,2.9e-5,9.97e-5,8.7e-5,5.63e-5,1.04e-4,7.98e-4,8.24e-5,2.99e-4,2.16e-4,3.29e-4,5.3e-4,1.43e-4,7.7e-4,1.33e-4
18993,1.76e-4,8e-5,4.3e-5,2.48e-4,1.487e-4,1.13e-4,8.1e-5,4.4e-5,1.11e-4,1.31e-4,6.2e-5,2.39e-4,2.44e-4,7.2e-6,2.52e-5,4.19e-4,1.42e-4,1.06e-4,1.77e-5,8.99e-5,5.3e-4,5.6e-5,5.16e-5,6.24e-5,1.298e-4,8e-5,1e-4,9.2e-5,2.89e-5,2.41e-5,1.76e-4,3.9e-4,2.27e-4,7.9e-5,3.84e-5,4e-5,2.96e-5,1.95e-4,1.01e-4,2.31e-4,2.351e-4,1.325e-4,2.02e-4,1.25e-4,1.43e-4,2.02e-4,2.27e-4,3.5e-4,3.79e-4,2.54e-4,2.96e-4,4.36e-4,2.17e-4,3.14e-5,2.77e-4,2.01e-4,0,9.6e-5,2.72e-4,6.42e-4,1.42e-4,1.88e-4,3.4e-4,7.1e-4,7e-5,5.2e-5,1.162e-4,1.4e-4,1.122e-4,1.35e-4,6.63e-5,9.7e-5,3.78e-4,7.13e-5,2.92e-4,1.93e-4,3.82e-4,7.4e-4,1.55e-4,5.6e-4,1.19e-4
19024,4.16e-4,5.5e-5,6.9e-5,3.04e-4,2.194e-4,1.55e-4,1.22e-4,9.1e-5,2.3e-4,1.78e-4,1.7e-4,4.86e-4,4.71e-4,7.59e-5,8.17e-5,5.82e-4,3.47e-4,1.23e-4,8.33e-5,1.062e-4,0.00137,1.54e-4,5.25e-5,1.423e-4,2.219e-4,1.55e-4,1.99e-4,1.75e-4,2.63e-5,2.38e-5,2.89e-4,9.4e-4,4.39e-4,2.1e-4,7.88e-5,8.91e-5,1.406e-4,1.5e-4,7.5e-5,3.59e-4,2.585e-4,3.551e-4,2.64e-4,1.71e-4,2.39e-4,5e-4,4.04e-4,6.66e-4,7.64e-4,4.27e-4,3.28e-4,8.48e-4,3.81e-4,1.09e-4,6.38e-4,4.7e-4,5.83e-4,2e-4,6.14e-4,6.23e-4,2.94e-4,2.79e-4,0.00102,0.00157,2.05e-4,1.73e-4,1.526e-4,1.34e-4,1.423e-4,1.52e-4,1.117e-4,1.17e-4,6.73e-4,3.133e-4,5.74e-4,3.58e-4,7.8e-4,0.00126,2.29e-4,0.00164,2.39e-4
19052,3.47e-4,6.5e-5,6.5e-5,2.48e-4,2.346e-4,1.79e-4,1.41e-4,1.1e-4,1.65e-4,1.36e-4,1.47e-4,4.44e-4,3.92e-4,6.18e-5,8.1e-5,4.13e-4,2.09e-4,9.9e-5,1.039e-4,3.27e-5,9.4e-4,9e-5,7.82e-5,1.236e-4,1.502e-4,9.2e-5,2.19e-4,1.81e-4,1.94e-5,3.37e-5,2.38e-4,6.6e-4,3.11e-4,1.73e-4,9.8e-5,1.241e-4,3.023e-4,1.02e-4,1.03e-4,2.89e-4,7.585e-4,1.669e-4,3.09e-4,1.12e-4,2.24e-4,4.41e-4,4.24e-4,6.1e-4,6.81e-4,4.61e-4,5.99e-4,6.65e-4,3.02e-4,6.71e-5,6.22e-4,4.56e-4,6.9e-5,1.66e-4,3.24e-4,3.53e-4,1.68e-4,2.7e-4,7.5e-4,7.7e-4,2.09e-4,1.34e-4,1.519e-4,3.82e-4,2.07e-4,7.1e-5,7.64e-5,1.12e-4,3.94e-4,1.129e-4,4.99e-4,2.9e-4,6.57e-4,0.00141,1.77e-4,0.00126,1.84e-4
19083,3.82e-4,7.8e-5,8.9e-5,2.97e-4,2.534e-4,2.03e-4,1.98e-4,1.26e-4,2.62e-4,1.78e-4,1.62e-4,4.4e-4,4.99e-4,1.57e-5,8.16e-5,4.13e-4,2.41e-4,1.65e-4,1.269e-4,1.032e-4,0.00106,1.31e-4,5.6e-5,1.354e-4,2.037e-4,1.53e-4,2.49e-4,1.89e-4,9.61e-5,6.99e-5,3.23e-4,7.5e-4,3.89e-4,2.11e-4,1.001e-4,1.689e-4,1.749e-4,1.79e-4,1.38e-4,2.71e-4,2.4e-4,2.264e-4,3.05e-4,1.68e-4,2.66e-4,6.84e-4,6.12e-4,8.62e-4,7.78e-4,5.84e-4,6.36e-4,0.002052,3.16e-4,8.33e-5,8.78e-4,3.76e-4,1.94e-4,2.57e-4,3.32e-4,2.79e-4,2.58e-4,3.46e-4,6.5e-4,6.8e-4,3.87e-4,1.6e-4,2.734e-4,1.75e-4,2.269e-4,1.05e-4,1.315e-4,1.08e-4,3.67e-4,1.523e-4,5.88e-4,3.28e-4,7e-4,0.0016,2.83e-4,0.00139,3.73e-4
19113,4.66e-4,1.33e-4,1.72e-4,4.31e-4,3.176e-4,1.78e-4,2.01e-4,2.06e-4,2.47e-4,2.19e-4,2.31e-4,4.62e-4,5.04e-4,1.812e-4,8.28e-5,5.24e-4,1.77e-4,1.82e-4,9.21e-5,1.455e-4,0.00109,9.2e-5,8.53e-5,1.471e-4,1.836e-4,2.03e-4,2.64e-4,2.36e-4,9.69e-5,1.208e-4,3.88e-4,7.8e-4,4.28e-4,2.07e-4,1.467e-4,1.612e-4,1.529e-4,1.83e-4,1.17e-4,3.1e-4,3.955e-4,3.299e-4,3.23e-4,1.68e-4,4.05e-4,8.37e-4,6.97e-4,0.001161,9.86e-4,6.61e-4,0.001152,0.001585,7.86e-4,9.18e-5,0.001141,3.47e-4,8e-5,1.73e-4,4.01e-4,5.07e-4,3.24e-4,4.71e-4,6.9e-4,6.8e-4,1.92e-4,1.87e-4,2.484e-4,1.5e-4,3.434e-4,1.23e-4,1.461e-4,1.46e-4,4.92e-4,1.902e-4,6.58e-4,3.56e-4,8.49e-4,0.00193,3.26e-4,0.00124,2.13e-4
19144,3.79e-4,1.39e-4,1.09e-4,3.6e-4,3.192e-4,1.98e-4,1.96e-4,1.81e-4,2.84e-4,2.6e-4,1.86e-4,4.99e-4,4.75e-4,9.09e-5,1.381e-4,5.78e-4,2.51e-4,2.06e-4,1.164e-4,1.401e-4,0.0013,8.4e-5,1.297e-4,1.529e-4,2.942e-4,1.78e-4,3e-4,2.59e-4,1.507e-4,8.22e-5,3.15e-4,8.4e-4,4.59e-4,1.9e-4,1.645e-4,2.261e-4,1.472e-4,1.91e-4,1.6e-4,3.09e-4,2.889e-4,2.694e-4,3.68e-4,1.95e-4,4.48e-4,9.71e-4,8.05e-4,0.001216,0.001147,6.19e-4,9.99e-4,0.001815,9.48e-4,8.68e-5,0.001113,6.72e-4,2.45e-4,2.39e-4,1.59e-4,4.29e-4,3.15e-4,6.26e-4,9.2e-4,0.0014,2.32e-4,2.51e-4,2.814e-4,1.62e-4,3.639e-4,1.12e-4,1.295e-4,1.05e-4,5.35e-4,1.852e-4,7.03e-4,3.19e-4,0.001145,0.00174,3.32e-4,0.00127,2.42e-4
19174,3.1e-4,1.05e-4,7.1e-5,2.65e-4,1.842e-4,1.78e-4,1.23e-4,1.34e-4,2.28e-4,1.74e-4,1.01e-4,4.5e-4,5.8e-4,5.21e-5,8.05e-5,5.12e-4,1.69e-4,2.63e-4,9.69e-5,4.37e-5,0.00118,9.7e-5,6.14e-5,1.233e-4,2.022e-4,9.6e-5,2.35e-4,2.23e-4,5.41e-5,4.71e-5,3.11e-4,7.3e-4,2.74e-4,1.71e-4,1.053e-4,1.629e-4,1.188e-4,1.55e-4,1.76e-4,2.43e-4,2.039e-4,2.139e-4,3.26e-4,1.35e-4,3.21e-4,6.9e-4,5.81e-4,8.78e-4,8.39e-4,4.22e-4,3.89e-4,0.001679,7.04e-4,7.07e-5,6.87e-4,4.25e-4,8.4e-5,1.58e-4,2.23e-4,3.18e-4,2.67e-4,4.68e-4,9.4e-4,0.00093000000000000005,1.92e-4,2.36e-4,1.536e-4,1.47e-4,1.801e-4,3.29e-4,1.597e-4,1.41e-4,8.95e-4,1.931e-4,5.71e-4,2.96e-4,7.96e-4,0.00125,2.85e-4,8.2e-4,2.73e-4
19205,5.66e-4,2.88e-4,1.76e-4,4.62e-4,4.281e-4,3.28e-4,3.23e-4,1.79e-4,3.41e-4,4.09e-4,3.07e-4,0.001004,9.01e-4,1.199e-4,2.345e-4,0.001048,3.72e-4,3.47e-4,2.473e-4,1.225e-4,0.00221,1.95e-4,1.153e-4,2.714e-4,2.268e-4,1.95e-4,4.12e-4,3.66e-4,1.322e-4,1.429e-4,5.15e-4,0.00149,5.07e-4,2.66e-4,1.809e-4,2.695e-4,1.764e-4,2.48e-4,3.26e-4,5e-4,2.828e-4,2.834e-4,4.55e-4,2.46e-4,4.24e-4,9.7e-4,5.94e-4,0.001093,0.001245,3.27e-4,9.8e-4,0.001549,0.00064899999999999995,1.604e-4,9.22e-4,8.23e-4,1.36e-4,2.85e-4,8.65e-4,0.001284,4.97e-4,7.77e-4,0.0016,0.0015,4.1e-4,4.74e-4,3.266e-4,3.95e-4,4.622e-4,4.05e-4,2.305e-4,1.88e-4,0.001036,1.966e-4,8.2e-4,4.55e-4,8.43e-4,0.00146,4e-4,0.0015,3.68e-4
19236,2.45e-4,1.48e-4,6.8e-5,2.1e-4,9.64e-5,1.2e-4,1.09e-4,9.2e-5,2.05e-4,1.98e-4,2.13e-4,4.49e-4,4.09e-4,4.41e-5,9.78e-5,4.6e-4,1.59e-4,2e-4,1.216e-4,5.78e-5,0.00105,5.1e-5,7.79e-5,1.282e-4,1.01e-4,1.03e-4,1.93e-4,1.67e-4,4.32e-5,9.81e-5,2.16e-4,6.9e-4,2.91e-4,1.52e-4,8.91e-5,1.485e-4,7.42e-5,1.31e-4,1.24e-4,2.27e-4,9.7e-5,3.29e-4,2.68e-4,1.04e-4,3.59e-4,7.19e-4,3.31e-4,5.45e-4,7.5e-4,1.82e-4,6.54e-4,0.001081,3.77e-4,7.13e-5,5e-4,4.42e-4,1.56e-4,1.4e-4,2.69e-4,4.71e-4,3.12e-4,4.67e-4,0.00093000000000000005,6.9e-4,1.81e-4,2.06e-4,8.88e-5,2.05e-4,1.548e-4,6.6e-5,1.218e-4,9.7e-5,2.65e-4,7.78e-5,4.12e-4,2.19e-4,3.98e-4,0.00102,1.74e-4,6.4e-4,2.43e-4
19266,1.78e-4,6.4e-5,4.4e-5,1.51e-4,1.125e-4,1.34e-4,8.5e-5,9.3e-5,1.43e-4,1.06e-4,7.2e-5,3.74e-4,2.59e-4,5.3e-5,9.88e-5,2.99e-4,1.05e-4,1.3e-4,9.46e-5,3.42e-5,6.9e-4,5.4e-5,4.74e-5,6.09e-5,6.7e-5,1.03e-4,1.03e-4,1.29e-4,6.66e-5,3.19e-5,1.95e-4,4.2e-4,1.71e-4,9.8e-5,8.51e-5,1.046e-4,6.89e-5,1.2e-4,8.3e-5,1.81e-4,1.337e-4,2.049e-4,1.03e-4,8.2e-5,2.01e-4,4.28e-4,2.26e-4,3.71e-4,5.31e-4,1.65e-4,7.56e-4,0.001581,1.97e-4,3.54e-5,3.23e-4,1.69e-4,1.3e-5,1.44e-4,2.37e-4,8.05e-4,3.34e-4,3.54e-4,5.9e-4,4e-4,1.25e-4,1.88e-4,5.36e-5,1.45e-4,1.377e-4,1.05e-4,2.336e-4,6.8e-5,2.2e-4,7.71e-5,1.98e-4,1.43e-4,3.65e-4,6.1e-4,1.16e-4,6.1e-4,1.31e-4
19297,2.35e-4,5.4e-5,4.5e-5,1.21e-4,2.55e-5,8.1e-5,7.5e-5,5.5e-5,8.4e-5,7.2e-5,9.6e-5,2.24e-4,2.06e-4,2.96e-5,3.49e-5,3.56e-4,1.35e-4,8.9e-5,6.22e-5,3.45e-5,6e-4,3.6e-5,3.1e-5,4.83e-5,6.22e-5,9e-5,1.02e-4,1.14e-4,2.08e-5,3.34e-5,1.66e-4,3.8e-4,1.76e-4,7.5e-5,4.16e-5,6.39e-5,4.51e-5,4.5e-5,4.5e-5,1.55e-4,7.15e-5,2.707e-4,1.47e-4,6.9e-5,1.77e-4,2.87e-4,2.2e-4,3.31e-4,3.98e-4,1.54e-4,5.4e-4,8.03e-4,2.37e-4,2.72e-5,2.54e-4,2.33e-4,1.3e-5,8.2e-5,1.94e-4,2.11e-4,1.4e-4,2.74e-4,4.2e-4,4.4e-4,1.08e-4,1.26e-4,8.16e-5,6.5e-5,8.06e-5,5.2e-5,7.66e-5,3.6e-5,2.03e-4,5.48e-5,1.69e-4,1.5e-4,2.5e-4,5.4e-4,8.7e-5,6.6e-4,8.7e-5
19327,1.92e-4,3.4e-5,4.1e-5,2.04e-4,1.561e-4,1e-4,1.09e-4,4.6e-5,1.13e-4,1.26e-4,1.04e-4,2.44e-4,2.29e-4,4.38e-5,6.46e-5,3.6e-4,7.9e-5,1.35e-4,9.88e-5,5.14e-5,5.2e-4,9.6e-5,7.94e-5,7.52e-5,7.25e-5,8.5e-5,1.27e-4,1.27e-4,5.8e-5,4.19e-5,1.72e-4,3.6e-4,1.72e-4,1.07e-4,9.9e-5,9.24e-5,6.71e-5,5.5e-5,6.5e-5,1.56e-4,8.81e-5,1.558e-4,1.62e-4,7.7e-5,2.09e-4,2.66e-4,2.31e-4,3.68e-4,4.05e-4,1.73e-4,3.47e-4,0.001364,2.05e-4,5.85e-5,2.92e-4,1.29e-4,1.03e-4,1.02e-4,2.9e-4,4.51e-4,2.01e-4,2.87e-4,7.7e-4,4.1e-4,9.3e-5,1.35e-4,9.32e-5,1.14e-4,8.62e-5,3.1e-5,6.76e-5,7.1e-5,1.26e-4,8.24e-5,2.18e-4,1.96e-4,3.03e-4,5.3e-4,1.2e-4,5.2e-4,9.1e-5
19358,1.7e-4,2.8e-5,4.5e-5,2.12e-4,1.248e-4,1.24e-4,9.6e-5,8.2e-5,1.31e-4,1.22e-4,9.8e-5,2.16e-4,2.38e-4,4.61e-5,6.12e-5,3.96e-4,9.2e-5,6.1e-5,5.17e-5,4.27e-5,4.9e-4,6.6e-5,5.4e-5,7.79e-5,8.29e-5,6.3e-5,1.16e-4,1.28e-4,6.32e-5,7.08e-5,1.75e-4,3.4e-4,1.58e-4,8.5e-5,7.36e-5,7.39e-5,8.01e-5,3.8e-5,7.3e-5,1.64e-4,4.48e-5,1.902e-4,1.03e-4,6.7e-5,1.96e-4,2.85e-4,2.7e-4,4e-4,4.13e-4,1.83e-4,2.51e-4,0.00112,2.38e-4,4.07e-5,3.83e-4,1.68e-4,5.7e-5,1.48e-4,2.35e-4,2.85e-4,1.53e-4,2.86e-4,5.4e-4,4.8e-4,9.2e-5,1.23e-4,5.74e-5,1.43e-4,7.16e-5,5.7e-5,9e-5,8.2e-5,1.6e-4,7.79e-5,2.24e-4,1.22e-4,2.63e-4,5.6e-4,1.35e-4,3.8e-4,9.6e-5
19389,1.82e-4,9e-5,7e-5,2.11e-4,9.16e-5,1.32e-4,1.43e-4,8.6e-5,1.32e-4,1.31e-4,7.5e-5,2.52e-4,2.63e-4,5.31e-5,7.21e-5,3.31e-4,1.23e-4,1.4e-4,1.015e-4,3.88e-5,5.8e-4,9.1e-5,9.69e-5,8.76e-5,1.091e-4,1.52e-4,1.5e-4,1.66e-4,1.121e-4,4.05e-5,2.32e-4,4e-4,2.05e-4,1.19e-4,8.61e-5,6.07e-5,1.33e-4,7.6e-5,9.6e-5,1.86e-4,1.769e-4,1.268e-4,1.81e-4,9.3e-5,2.63e-4,3.13e-4,3.16e-4,4.7e-4,4.97e-4,2.79e-4,4.36e-4,0.001747,3.27e-4,4.24e-5,3.77e-4,2.16e-4,1.48e-4,9.5e-5,4.64e-4,1.7e-4,1.51e-4,2.87e-4,8.1e-4,5.2e-4,1.46e-4,1.65e-4,1.041e-4,8.8e-5,2.188e-4,1.18e-4,7.89e-5,1.01e-4,2.31e-4,7.79e-5,2.98e-4,1.88e-4,3.89e-4,6.6e-4,1.43e-4,6.9e-4,1e-4
19417,2.11e-4,5.1e-5,7.2e-5,2.87e-4,1.729e-4,1.64e-4,2.14e-4,6.4e-5,1.14e-4,1.54e-4,1.16e-4,2.8e-4,2.83e-4,4.79e-5,5.49e-5,4.12e-4,1.29e-4,6e-5,5.89e-5,9.22e-5,6.4e-4,7e-5,8.36e-5,8.09e-5,1.036e-4,1.44e-4,1.68e-4,1.9e-4,7.44e-5,4.91e-5,2.61e-4,4.4e-4,1.94e-4,1.18e-4,8.47e-5,8.09e-5,8.28e-5,6.9e-5,8.7e-5,1.93e-4,1.251e-4,3.35e-4,1.54e-4,1.18e-4,2.27e-4,3.7e-4,2.91e-4,5.54e-4,5.58e-4,3.26e-4,4.69e-4,0.001259,3.27e-4,4.9e-5,4.4e-4,1.73e-4,4.1e-5,1.75e-4,4.61e-4,3.83e-4,1.81e-4,2.94e-4,9.2e-4,6.3e-4,1.74e-4,1.02e-4,1.713e-4,2.07e-4,1.683e-4,8.6e-5,5.36e-5,1.33e-4,1.75e-4,1.17e-4,2.76e-4,1.63e-4,4.08e-4,8.2e-4,1.51e-4,7.9e-4,9.5e-5
19448,2.5e-4,1.06e-4,7.6e-5,3.16e-4,1.15e-4,1.94e-4,1.85e-4,9.3e-5,1.64e-4,1.34e-4,1.26e-4,3.33e-4,3.23e-4,7.96e-5,6.93e-5,4.73e-4,1.02e-4,1.29e-4,1.279e-4,1.192e-4,9.1e-4,1.13e-4,8.28e-5,1.016e-4,1.699e-4,1.14e-4,1.89e-4,1.94e-4,6.3e-5,7.27e-5,3.05e-4,5.6e-4,2.21e-4,1.51e-4,1.132e-4,1.153e-4,1.075e-4,1.16e-4,9.1e-5,1.93e-4,1.45e-4,2.621e-4,2.32e-4,1.1e-4,2.48e-4,5.28e-4,3.79e-4,6.44e-4,6.13e-4,3.92e-4,6.57e-4,0.001855,4.83e-4,5.44e-5,5.71e-4,1.5e-4,1.18e-4,1.78e-4,3.48e-4,2.95e-4,1.81e-4,2.26e-4,0.00104,4.9e-4,2.2e-4,1.58e-4,1.337e-4,1.19e-4,1.947e-4,2.3e-5,9.37e-5,2.49e-4,1.96e-4,1.822e-4,3.57e-4,2e-4,4.37e-4,9.7e-4,1.88e-4,0.00093000000000000005,1.67e-4
19478,3.24e-4,1.04e-4,1.02e-4,3.11e-4,1.168e-4,1.3e-4,1.54e-4,1.19e-4,2.43e-4,1.48e-4,1.31e-4,3.58e-4,3.6e-4,6.54e-5,9.02e-5,6.55e-4,1.07e-4,1.3e-4,9.36e-5,5.03e-5,0.00104,9e-5,8.98e-5,1.084e-4,1.947e-4,1.77e-4,2.26e-4,2.5e-4,1.524e-4,8.24e-5,4.54e-4,6.6e-4,2.95e-4,1.2e-4,1.595e-4,2.138e-4,1.572e-4,1.37e-4,1.25e-4,2.11e-4,1.513e-4,4.64e-4,3.3e-4,1.63e-4,4.06e-4,6.43e-4,5.87e-4,8.79e-4,7.63e-4,5.59e-4,6.32e-4,0.001978,7.48e-4,6.59e-5,6.73e-4,1.66e-4,8.2e-5,1.67e-4,4.67e-4,5.18e-4,1.87e-4,3.68e-4,0.00093000000000000005,7.9e-4,1.69e-4,1.87e-4,1.45e-4,9.3e-5,1.507e-4,1.16e-4,7.19e-5,1.2e-4,2.93e-4,2.327e-4,4.25e-4,2.13e-4,5.81e-4,0.00102,2.1e-4,0.00126,1.97e-4
19509,3.08e-4,9.5e-5,7.7e-5,2.82e-4,1.484e-4,1.75e-4,1.32e-4,1.26e-4,1.87e-4,1.78e-4,1.42e-4,3.66e-4,4.12e-4,1.107e-4,9.18e-5,5.77e-4,9e-5,1.21e-4,1.344e-4,6.24e-5,8.6e-4,1.11e-4,1.639e-4,1.35e-4,1.533e-4,2.34e-4,2.46e-4,2.83e-4,4.64e-5,8.49e-5,4.62e-4,5.6e-4,3.31e-4,1.33e-4,1.354e-4,1.408e-4,1.167e-4,2.28e-4,1.15e-4,1.86e-4,3.26e-4,2.244e-4,3.61e-4,1.27e-4,3.37e-4,6.64e-4,5.89e-4,8.38e-4,8.17e-4,4.91e-4,6.65e-4,0.0025,6.39e-4,8.17e-5,8.19e-4,2.61e-4,3.3e-5,2.4e-4,3.37e-4,4.49e-4,2.55e-4,4.14e-4,0.00103,5e-4,1.73e-4,1.91e-4,8.84e-5,2.78e-4,1.964e-4,7.6e-5,3.46e-5,1.1e-4,3.6e-4,1.984e-4,4.3e-4,2.38e-4,6.48e-4,0.00116,2.29e-4,0.00103,1.72e-4
19539,2.45e-4,7.2e-5,6.7e-5,2.48e-4,1.094e-4,1.55e-4,9.9e-5,1.37e-4,1.71e-4,1.45e-4,1.18e-4,2.99e-4,2.97e-4,4.43e-5,5.66e-5,3.81e-4,1.01e-4,1.18e-4,6.68e-5,4.23e-5,7.9e-4,1.04e-4,9.46e-5,1.12e-4,1.224e-4,1.18e-4,1.62e-4,2.13e-4,9.4e-5,3.48e-5,3.62e-4,4.9e-4,2.41e-4,1.1e-4,1.424e-4,7.81e-5,1.173e-4,1.15e-4,1.19e-4,1.53e-4,1.811e-4,1.768e-4,2.25e-4,1.19e-4,2.8e-4,6.23e-4,3.49e-4,5.82e-4,5.97e-4,2.34e-4,6.59e-4,0.00123,4.35e-4,6.2e-5,3.98e-4,6.21e-4,1.85e-4,1.33e-4,2.16e-4,3.53e-4,1.8e-4,3.12e-4,8.3e-4,5.4e-4,1.37e-4,1.63e-4,1.246e-4,1.18e-4,1.483e-4,3.7e-5,4.66e-5,9.8e-5,2.46e-4,1.941e-4,3.03e-4,1.89e-4,3.84e-4,7.9e-4,1.52e-4,8.4e-4,1.71e-4
19570,1.55e-4,3e-5,5.5e-5,1.55e-4,1.709e-4,8.9e-5,1e-4,6.9e-5,1.34e-4,8.1e-5,7.3e-5,2.18e-4,2.11e-4,4.19e-5,6.88e-5,2.86e-4,1.07e-4,1.09e-4,4.76e-5,4.25e-5,5.6e-4,6.4e-5,3.63e-5,7.89e-5,8.34e-5,8.3e-5,1.26e-4,1.48e-4,6.16e-5,4.09e-5,2.59e-4,3.6e-4,1.85e-4,1.18e-4,9.26e-5,9.35e-5,7.79e-5,8e-5,6.8e-5,1.76e-4,1.016e-4,2.297e-4,1.51e-4,6.6e-5,2.1e-4,4.06e-4,2.66e-4,4.15e-4,4.6e-4,1.61e-4,4.08e-4,0.001012,3.47e-4,3.89e-5,2.91e-4,3.24e-4,9.8e-5,1.59e-4,3.51e-4,3.27e-4,2.6e-4,3.48e-4,7.6e-4,5.2e-4,9.1e-5,1.69e-4,1.313e-4,1.3e-4,1.472e-4,1.2e-5,7.68e-5,1.12e-4,2.22e-4,9.72e-5,2.26e-4,1.32e-4,2.97e-4,5e-4,1.13e-4,5.4e-4,1.36e-4
19601,2.26e-4,7.6e-5,5.7e-5,1.38e-4,9.67e-5,5.9e-5,1.95e-4,3.6e-5,1.3e-4,1.04e-4,7.2e-5,1.81e-4,2.15e-4,2.44e-5,7.95e-5,2.89e-4,7.3e-5,9.5e-5,6.24e-5,6.26e-5,4.9e-4,6.7e-5,7.37e-5,6.85e-5,7.52e-5,8.6e-5,9e-5,1.47e-4,9.56e-5,5.64e-5,2.14e-4,3.7e-4,1.61e-4,9.5e-5,1.064e-4,1.139e-4,5.94e-5,6.4e-5,4.9e-5,1.6e-4,1.679e-4,3.218e-4,1.3e-4,7.9e-5,2.05e-4,4.41e-4,2.61e-4,3.92e-4,4.47e-4,1.49e-4,8.24e-4,8.08e-4,3.09e-4,3.92e-5,2.76e-4,3.59e-4,0,1.23e-4,3.02e-4,2.56e-4,2.03e-4,2.59e-4,6.8e-4,6e-4,1.84e-4,1.86e-4,8.55e-5,7.1e-5,1.892e-4,1.1e-5,4.94e-5,7.2e-5,1.28e-4,5.47e-5,2.18e-4,9.4e-5,3.82e-4,5e-4,1.01e-4,7.2e-4,1.14e-4
19631,1.58e-4,6.6e-5,8.1e-5,1.27e-4,7.4e-5,7.9e-5,1.42e-4,2.7e-5,9.5e-5,1.02e-4,7.1e-5,2.07e-4,2.52e-4,1.86e-5,2.96e-5,1.76e-4,8.4e-5,1.06e-4,6.54e-5,3.41e-5,4.6e-4,1.1e-5,5.76e-5,7.32e-5,7.4e-5,5.6e-5,1.21e-4,1.29e-4,9.89e-5,9.57e-5,2.02e-4,3.8e-4,1.52e-4,9.3e-5,7.48e-5,9.41e-5,8.19e-5,6e-5,5.9e-5,1.6e-4,1.311e-4,6.01e-5,1.58e-4,6.9e-5,1.54e-4,3.35e-4,1.85e-4,3.81e-4,4.03e-4,1.24e-4,3.45e-4,6.97e-4,3.32e-4,5.69e-5,3.37e-4,3.82e-4,1.17e-4,1.79e-4,3.24e-4,3.73e-4,1.93e-4,3.5e-4,3.7e-4,6.1e-4,9.1e-5,1.58e-4,1.23e-4,8.4e-5,1.172e-4,1.08e-4,6.04e-5,7.4e-5,1.54e-4,9.2e-5,2.13e-4,1.17e-4,3.62e-4,4.9e-4,9.9e-5,4.3e-4,8.8e-5
19662,1.63e-4,7e-5,5.6e-5,1.39e-4,9.47e-5,6.4e-5,1.02e-4,5e-5,1.08e-4,1.09e-4,5.7e-5,2.04e-4,1.85e-4,2.52e-5,4.12e-5,1.9e-4,9e-5,6.7e-5,6.56e-5,4.34e-5,4.7e-4,4.6e-5,3.48e-5,5.62e-5,8.45e-5,8.5e-5,6.9e-5,1.16e-4,6.18e-5,6.25e-5,1.7e-4,3.5e-4,1.6e-4,7.8e-5,6.27e-5,1.107e-4,5.3e-5,6.6e-5,4e-5,1.55e-4,1.458e-4,1.108e-4,9.5e-5,8.7e-5,1.39e-4,2.26e-4,2.16e-4,2.75e-4,3.03e-4,1.38e-4,6.92e-4,4.66e-4,2.52e-4,4.12e-5,2.72e-4,3.07e-4,1.42e-4,5.3e-5,2.06e-4,1.15e-4,1.7e-4,1.95e-4,3.5e-4,3.6e-4,8.3e-5,9.5e-5,1.069e-4,4.1e-5,8.49e-5,9.2e-5,5.27e-5,9.6e-5,1.48e-4,4.74e-5,2.25e-4,9.9e-5,2.95e-4,3.7e-4,7.5e-5,5.6e-4,6.3e-5
19692,2.35e-4,8.4e-5,7.8e-5,1.87e-4,1.187e-4,1.23e-4,9.6e-5,6.1e-5,1e-4,1.55e-4,8.1e-5,2.47e-4,2.29e-4,2.95e-5,7.16e-5,2.62e-4,7.7e-5,1.21e-4,4.14e-5,3.31e-5,4.2e-4,3.1e-5,6.74e-5,9.09e-5,9.9e-5,1.1e-4,9.9e-5,1.72e-4,7.64e-5,7.9e-5,1.97e-4,3.4e-4,1.67e-4,1.19e-4,7.14e-5,8.41e-5,9.17e-5,1.69e-4,7.6e-5,1.91e-4,6.7e-5,2.504e-4,1.52e-4,1.03e-4,1.67e-4,3.42e-4,2.5e-4,4.31e-4,4.4e-4,2.01e-4,4.38e-4,0.001029,2.71e-4,4.91e-5,3.14e-4,1.68e-4,1.57e-4,1.78e-4,2.4e-4,8.6e-5,1.65e-4,2.86e-4,4.2e-4,2.6e-4,1.06e-4,1.06e-4,9.38e-5,9.5e-5,1.345e-4,6.1e-5,6.14e-5,1.26e-4,7.5e-5,1.151e-4,2.23e-4,1.04e-4,3.73e-4,5.7e-4,1.31e-4,5.9e-4,9.9e-5
19723,1.79e-4,6.5e-5,1e-4,1.87e-4,7.26e-5,1.4e-4,7.7e-5,3.2e-5,8.7e-5,1.23e-4,9.9e-5,2.67e-4,2.14e-4,2.38e-5,7.72e-5,2.38e-4,1.02e-4,1.07e-4,6.01e-5,6.33e-5,4.9e-4,5.8e-5,9.11e-5,7.23e-5,1.004e-4,1.03e-4,1.14e-4,1.61e-4,7.32e-5,1.057e-4,2.51e-4,3.5e-4,1.85e-4,1.24e-4,1.106e-4,1.095e-4,1.163e-4,6.1e-5,9.5e-5,1.65e-4,7.3e-5,7.25e-5,1.97e-4,1.19e-4,1.52e-4,2.84e-4,2.65e-4,4.24e-4,3.93e-4,1.67e-4,3.96e-4,9.16e-4,2.54e-4,5.88e-5,3.59e-4,2.26e-4,1.66e-4,8.3e-5,9.5e-5,1.79e-4,1.91e-4,1.98e-4,4.5e-4,3.2e-4,1.15e-4,1.37e-4,1.033e-4,5.7e-5,2.251e-4,5.7e-5,7.11e-5,9.9e-5,1.47e-4,1.197e-4,2.42e-4,1.07e-4,2.82e-4,7e-4,1.07e-4,6.4e-4,6.7e-5
19754,1.69e-4,4.7e-5,8.3e-5,1.54e-4,1.142e-4,8.8e-5,9.6e-5,8.3e-5,8e-5,8e-5,1.66e-4,2.68e-4,2.22e-4,3.05e-5,2.61e-5,2.95e-4,8e-5,9e-5,6.78e-5,4.15e-5,4.6e-4,6.1e-5,4.66e-5,7.18e-5,9e-5,1.08e-4,1.32e-4,1.21e-4,7.89e-5,1.7e-4,2.05e-4,3.6e-4,1.56e-4,1.15e-4,5.68e-5,1.305e-4,7.32e-5,5.3e-5,8.5e-5,1.51e-4,1.384e-4,1.773e-4,1.43e-4,1.15e-4,1.74e-4,2.9e-4,2.93e-4,4.9e-4,3.94e-4,1.96e-4,5.96e-4,0.001055,3.4e-4,3.5e-5,3.67e-4,1.54e-4,9e-5,1.42e-4,2.21e-4,4.14e-4,1.58e-4,3.81e-4,5.8e-4,6e-4,1.15e-4,1.17e-4,1.216e-4,1.15e-4,1.642e-4,5.9e-5,1.65e-5,8.3e-5,1.09e-4,7.14e-5,2.33e-4,1.21e-4,3.48e-4,6.4e-4,7.9e-5,7e-4,8.7e-5
19783,1.84e-4,3.9e-5,4.9e-5,1.93e-4,8.98e-5,1.27e-4,8.5e-5,8.5e-5,1.13e-4,1.11e-4,1.09e-4,2.65e-4,3.4e-4,3.26e-5,3.38e-5,3.98e-4,1.68e-4,9e-5,5.61e-5,8.37e-5,5.2e-4,1.02e-4,1.158e-4,8.93e-5,7.15e-5,8.4e-5,1.12e-4,1.3e-4,6.02e-5,3.61e-5,2.27e-4,4.4e-4,2.14e-4,8.9e-5,7.32e-5,9.04e-5,7.05e-5,5.1e-5,4.1e-5,2.08e-4,8.16e-5,6.68e-5,1.19e-4,8e-5,1.46e-4,2.83e-4,2.38e-4,4.39e-4,4.17e-4,2.15e-4,5.22e-4,0.001413,4.9e-4,4.1e-5,3.45e-4,1.46e-4,1.5e-5,2.06e-4,1.79e-4,4.5e-4,1.27e-4,1.57e-4,4.7e-4,4.5e-4,1.08e-4,1.32e-4,1.424e-4,1.59e-4,1.57e-4,0,5.12e-5,9.7e-5,1.7e-4,7.71e-5,2.42e-4,1.16e-4,3.73e-4,7.2e-4,1.07e-4,6.2e-4,8e-5
19814,1.4e-4,5.6e-5,7.1e-5,1.7e-4,7.11e-5,1.59e-4,1.05e-4,7.7e-5,1.14e-4,1.49e-4,1.03e-4,2.95e-4,3.21e-4,2.98e-5,3.66e-5,5.26e-4,1.2e-4,1.19e-4,4.49e-5,4.05e-5,6.5e-4,4.8e-5,9.28e-5,1.09e-4,9.84e-5,1.15e-4,1.66e-4,1.99e-4,3.34e-5,5.52e-5,2.48e-4,4.5e-4,2.15e-4,9.9e-5,1.302e-4,1.173e-4,4.22e-5,8.4e-5,7.6e-5,1.73e-4,1.661e-4,1.332e-4,1.47e-4,1.02e-4,1.53e-4,3.8e-4,3.45e-4,5.1e-4,4.39e-4,1.95e-4,6.62e-4,8.05e-4,4.09e-4,4.36e-5,4.68e-4,1.76e-4,9.9e-5,1.94e-4,2.41e-4,5.85e-4,1.65e-4,2.15e-4,4.2e-4,5.4e-4,1.12e-4,1.21e-4,1.105e-4,1.16e-4,1.332e-4,1.49e-4,5.37e-5,7.5e-5,1.27e-4,1.358e-4,2.84e-4,1.66e-4,4.5e-4,8e-4,1.19e-4,7.1e-4,1.13e-4
19844,2.9e-4,8.9e-5,4.9e-5,2.52e-4,1.532e-4,1.4e-4,1.22e-4,4.2e-5,1.74e-4,1.77e-4,1.23e-4,3.28e-4,2.63e-4,3.23e-5,4.65e-5,4.24e-4,1.74e-4,8.2e-5,8.68e-5,3.39e-5,7.2e-4,9e-5,1.285e-4,9.51e-5,1.256e-4,3.69e-4,2.01e-4,1.83e-4,1.642e-4,7.42e-5,3.05e-4,5.4e-4,2.62e-4,1.07e-4,8.17e-5,1.206e-4,1.383e-4,1.17e-4,8.3e-5,2.24e-4,1.24e-4,1.851e-4,1.61e-4,1.27e-4,2.46e-4,4.86e-4,4.49e-4,7.69e-4,6.05e-4,2.82e-4,0.001137,0.001804,7.2e-4,4.69e-5,4.94e-4,2.34e-4,7.4e-5,1.57e-4,2.61e-4,5.26e-4,2.19e-4,2.07e-4,8.2e-4,3.7e-4,1.39e-4,8.6e-5,1.154e-4,9.9e-5,1.69e-4,2.7e-5,5.28e-5,8e-5,2.02e-4,1.368e-4,3.58e-4,1.87e-4,4.71e-4,0.00093000000000000005,1.73e-4,0.00104,8.8e-5
19875,2.75e-4,9.7e-5,7.9e-5,3.34e-4,2.176e-4,1.29e-4,1.05e-4,6.4e-5,1.96e-4,1.64e-4,1e-4,3.08e-4,2.79e-4,3.37e-5,8.4e-5,3.43e-4,2.08e-4,1e-4,1.61e-4,6.05e-5,8.2e-4,5e-5,8.6e-5,1.158e-4,1.721e-4,1.48e-4,1.49e-4,1.8e-4,9.52e-5,7.21e-5,3.39e-4,5.5e-4,2.83e-4,1.33e-4,1.017e-4,2.302e-4,1.185e-4,2.49e-4,1.02e-4,1.75e-4,9.55e-5,3.183e-4,1.73e-4,1.05e-4,2.4e-4,4.12e-4,5.02e-4,7.54e-4,5.95e-4,3.39e-4,8.77e-4,0.002439,5.26e-4,7.83e-5,6.29e-4,4.3e-4,7.6e-5,1.69e-4,2.09e-4,3.28e-4,1.78e-4,2.57e-4,0.00114,5.3e-4,1.26e-4,1.58e-4,2.827e-4,1.91e-4,2.136e-4,6.8e-5,5.64e-5,9.8e-5,2.39e-4,1.089e-4,3.52e-4,2.4e-4,3.92e-4,0.00101,1.78e-4,0.00116,2.03e-4
19905,1.47e-4,4.8e-5,6.3e-5,1.46e-4,1.456e-4,3.88e-4,8.2e-5,7.1e-5,1.05e-4,1.28e-4,9.5e-5,2.67e-4,2.48e-4,5.18e-5,5.62e-5,2.99e-4,3.51e-4,1.06e-4,7.03e-5,4.86e-5,7e-4,9.4e-5,6.56e-5,9.4e-5,8.73e-5,1.47e-4,1.31e-4,1.33e-4,9.88e-5,7.81e-5,3.68e-4,4.2e-4,2.17e-4,2.46e-4,9.28e-5,1.2e-4,1.627e-4,3.3e-5,1.17e-4,1.54e-4,1.635e-4,2.729e-4,1.34e-4,8.6e-5,1.58e-4,2.87e-4,3.3e-4,6.96e-4,6.45e-4,1.88e-4,4.59e-4,0.001329,5.37e-4,5.11e-5,4.97e-4,6.29e-4,5.8e-5,8.3e-5,1.26e-4,4.84e-4,1.42e-4,1.53e-4,6.8e-4,5.8e-4,1.22e-4,1.53e-4,1.15e-4,2.13e-4,5.507e-4,1.2e-4,4.05e-5,9.7e-5,1.33e-4,5.44e-5,3.03e-4,1.48e-4,3.08e-4,6.5e-4,1.51e-4,7.2e-4,9.1e-5
19936,1.03e-4,3.5e-5,2.9e-5,1.45e-4,9.3e-5,1.71e-4,6.8e-5,4.7e-5,9.7e-5,1.12e-4,6.6e-5,2.06e-4,1.75e-4,2.81e-5,2.26e-5,2.42e-4,5.7e-5,7.7e-5,2.69e-5,6.13e-5,4.7e-4,7.1e-5,5.92e-5,7.66e-5,5.32e-5,8.2e-5,9.9e-5,1.24e-4,5.45e-5,4.57e-5,2.6e-4,3.1e-4,1.97e-4,1.22e-4,7.82e-5,1.23e-4,5.79e-5,5.4e-5,7.2e-5,1.77e-4,6.06e-5,3.425e-4,8.4e-5,6.5e-5,1.14e-4,1.81e-4,2.12e-4,4.17e-4,3.47e-4,1.51e-4,6.55e-4,8.97e-4,2.77e-4,3.06e-5,1.99e-4,4.29e-4,1.08e-4,7.8e-5,2.55e-4,4.92e-4,1.67e-4,1.64e-4,6.1e-4,5.4e-4,1.13e-4,1.31e-4,7.1e-5,4.2e-5,5.251e-4,8.1e-5,3.99e-5,8.8e-5,8.5e-5,5.52e-5,1.87e-4,9.7e-5,2.22e-4,4.4e-4,1.18e-4,4.5e-4,4.3e-5
19967,1.55e-4,6e-5,3.2e-5,1.35e-4,9.14e-5,1.81e-4,6.8e-5,4.3e-5,9.1e-5,9.7e-5,5.5e-5,2.04e-4,2.07e-4,3.06e-5,3.73e-5,1.47e-4,5.1e-5,5.4e-5,4.24e-5,1.29e-5,4.2e-4,4.4e-5,4.94e-5,6.51e-5,8.32e-5,6.5e-5,8e-5,8.9e-5,5.54e-5,3.01e-5,2.06e-4,3e-4,1.39e-4,7.2e-5,5.5e-5,1.117e-4,3.61e-5,5.8e-5,4.5e-5,1.45e-4,1.109e-4,1.599e-4,1.04e-4,7e-5,1.32e-4,2.71e-4,1.96e-4,4.25e-4,3.21e-4,1e-4,3.97e-4,5.52e-4,2.04e-4,3.34e-5,1.66e-4,3.37e-4,1.91e-4,8.5e-5,1.76e-4,8.59e-4,2.35e-4,1.49e-4,6.7e-4,7.9e-4,1.27e-4,2.23e-4,6.7e-5,8.3e-5,3.502e-4,4.7e-5,7.1e-6,1.05e-4,1.16e-4,7.13e-5,1.92e-4,1.07e-4,1.61e-4,4.2e-4,9.1e-5,5e-4,5.4e-5
19997,1.67e-4,4.4e-5,3.3e-5,1.53e-4,1.431e-4,1.41e-4,5.5e-5,3.6e-5,8e-5,9.7e-5,5.7e-5,1.53e-4,1.84e-4,1.76e-5,2.9e-5,3.13e-4,5.2e-5,5.3e-5,3.04e-5,3.73e-5,3.5e-4,4.7e-5,5.67e-5,6.3e-5,4.72e-5,6.3e-5,6.6e-5,1.03e-4,4.21e-5,3.55e-5,1.84e-4,2.8e-4,1.01e-4,7.1e-5,4.89e-5,7.51e-5,7.2e-5,5.2e-5,6.8e-5,1.04e-4,7.56e-5,6.27e-5,9.3e-5,7.4e-5,1.05e-4,2.28e-4,1.48e-4,3.21e-4,2.75e-4,9.9e-5,2.63e-4,6.96e-4,1.53e-4,3.14e-5,2.15e-4,2.57e-4,4.6e-5,8.8e-5,8e-5,3.8e-4,1.3e-4,1.45e-4,4e-4,4.1e-4,1.59e-4,1.59e-4,1e-5,1.02e-4,3.073e-4,1.4e-4,5.9e-5,7.7e-5,7e-5,7.87e-5,1.43e-4,9e-5,1.59e-4,2.8e-4,6.4e-5,3.1e-4,4.9e-5
20028,2e-4,3.2e-5,3.1e-5,1.31e-4,1.265e-4,1.57e-4,5e-5,5.2e-5,9e-5,5.7e-5,7.2e-5,1.72e-4,1.46e-4,2.66e-5,2.45e-5,1.73e-4,3.5e-5,4.8e-5,2.75e-5,2.4e-5,3.8e-4,1.9e-5,3.12e-5,3.9e-5,3.98e-5,5.9e-5,5.8e-5,6.3e-5,6.41e-5,2.32e-5,1.64e-4,2.6e-4,9.4e-5,6.6e-5,4.19e-5,6.56e-5,3.27e-5,4e-5,3.7e-5,6.7e-5,7.28e-5,6.81e-5,8.4e-5,5.4e-5,1.22e-4,1.32e-4,1.48e-4,3.18e-4,2.9e-4,5e-5,1.81e-4,2.94e-4,3.97e-4,2.66e-5,1.65e-4,3e-4,0,6.8e-5,9.9e-5,3.54e-4,6.5e-5,5.1e-5,2.9e-4,4e-4,1.32e-4,9.1e-5,3.79e-5,1.62e-4,1.19e-4,3.1e-5,3.56e-5,4.7e-5,1.07e-4,5.34e-5,1.51e-4,6.9e-5,9.6e-5,2.5e-4,6e-5,2.6e-4,9.7e-5
20058,2.04e-4,2.5e-5,4.8e-5,2.38e-4,1.142e-4,1.34e-4,5e-5,3.5e-5,9.2e-5,9.6e-5,7.5e-5,1.47e-4,1.79e-4,3.04e-5,4.12e-5,3.14e-4,3.7e-5,5e-5,4.24e-5,4.63e-5,3.5e-4,2.1e-5,3.83e-5,6.07e-5,6.85e-5,5.2e-5,8.2e-5,8.4e-5,2.7e-5,2.39e-5,1.47e-4,2.4e-4,1.15e-4,7.9e-5,6.99e-5,9.8e-5,7.05e-5,9.8e-5,3.9e-5,1.01e-4,3.4e-5,3.34e-5,1.3e-4,5.4e-5,1.25e-4,1.82e-4,1.95e-4,4.3e-4,2.59e-4,1.06e-4,1.41e-4,2.36e-4,2.63e-4,3.12e-5,2.19e-4,3.01e-4,0,8e-5,3.5e-5,3.06e-4,8.4e-5,9.1e-5,4.3e-4,2.7e-4,1.63e-4,7.2e-5,2.22e-5,6.7e-5,1.135e-4,1e-5,4.6e-5,4e-5,3.8e-5,3.58e-5,1.55e-4,9e-5,1.82e-4,3.3e-4,6.5e-5,3.9e-4,5.1e-5
