Month,ailyk,aviabilet_bishkek,bilet_bishkek,jumush_izdeim,jumush,perevodi_deneg,poisk_raboti,rabota,vakansii,yunistream_kyrgyzstan,yunistream,zarplata,zolotaya_korona_kyrgyzstan,zolotaya_korona,log_ailyk,log_aviabilet_bishkek,log_bilet_bishkek,log_jumush_izdeim,log_jumush,log_perevodi_deneg,log_poisk_raboti,log_rabota,log_vakansii,log_yunistream_kyrgyzstan,log_yunistream,log_zarplata,log_zolotaya_korona_kyrgyzstan,log_zolotaya_korona,work_ratio,findwork_ratio,salary_ratio,work_diff,yunistream_diff,findwork_diff,salary_diff,zolotaya_korona_diff,lag_ailyk,lag_aviabilet_bishkek,lag_bilet_bishkek,lag_jumush_izdeim,lag_jumush,lag_perevodi_deneg,lag_poisk_raboti,lag_rabota,lag_vakansii,lag_yunistream_kyrgyzstan,lag_yunistream,lag_zarplata,lag_zolotaya_korona_kyrgyzstan,lag_zolotaya_korona,lag_log_ailyk,lag_log_aviabilet_bishkek,lag_log_bilet_bishkek,lag_log_jumush_izdeim,lag_log_jumush,lag_log_perevodi_deneg,lag_log_poisk_raboti,lag_log_rabota,lag_log_vakansii,lag_log_yunistream_kyrgyzstan,lag_log_yunistream,lag_log_zarplata,lag_log_zolotaya_korona_kyrgyzstan,lag_log_zolotaya_korona,lag_work_ratio,lag_findwork_ratio,lag_salary_ratio,lag_work_diff,lag_yunistream_diff,lag_findwork_diff,lag_salary_diff,lag_zolotaya_korona_diff
2011-01-01,0,65,0,0,0,3,26,73,56,0,47,54,0,16,0,4.189654742026425,0,0,0,1.3862943611198906,3.295836866004329,4.30406509320417,4.04305126783455,0,3.871201010907891,4.007333185232471,0,2.833213344056216,0,0,0,73,47,26,54,16,0,0,0,0,0,0,21,58,36,0,50,47,0,26,0,0,0,0,0,0,3.091042453358316,4.07753744390572,3.6109179126442243,0,3.9318256327243257,3.871201010907891,0,3.295836866004329,0,0,0,58,50,21,47,26
2011-02-01,0,65,0,0,0,4,24,73,57,0,51,55,0,21,0,4.189654742026425,0,0,0,1.6094379124341003,3.2188758248682006,4.30406509320417,4.060443010546419,0,3.9512437185814275,4.02535169073515,0,3.091042453358316,0,0,0,73,51,24,55,21,0,65,0,0,0,3,26,73,56,0,47,54,0,16,0,4.189654742026425,0,0,0,1.3862943611198906,3.295836866004329,4.30406509320417,4.04305126783455,0,3.871201010907891,4.007333185232471,0,2.833213344056216,0,0,0,73,47,26,54,16
2011-03-01,0,0,0,0,0,5,22,73,55,0,49,52,0,25,0,0,0,0,0,1.791759469228055,3.1354942159291497,4.30406509320417,4.02535169073515,0,3.912023005428146,3.970291913552122,0,3.258096538021482,0,0,0,73,49,22,52,25,0,65,0,0,0,4,24,73,57,0,51,55,0,21,0,4.189654742026425,0,0,0,1.6094379124341003,3.2188758248682006,4.30406509320417,4.060443010546419,0,3.9512437185814275,4.02535169073515,0,3.091042453358316,0,0,0,73,51,24,55,21
2011-04-01,0,0,0,0,0,3,18,65,45,0,53,52,0,22,0,0,0,0,0,1.3862943611198906,2.9444389791664403,4.189654742026425,3.828641396489095,0,3.9889840465642745,3.970291913552122,0,3.1354942159291497,0,0,0,65,53,18,52,22,0,0,0,0,0,5,22,73,55,0,49,52,0,25,0,0,0,0,0,1.791759469228055,3.1354942159291497,4.30406509320417,4.02535169073515,0,3.912023005428146,3.970291913552122,0,3.258096538021482,0,0,0,73,49,22,52,25
2011-05-01,0,0,0,0,0,3,17,69,46,0,47,47,0,27,0,0,0,0,0,1.3862943611198906,2.8903717578961645,4.248495242049359,3.8501476017100584,0,3.871201010907891,3.871201010907891,0,3.332204510175204,0,0,0,69,47,17,47,27,0,0,0,0,0,3,18,65,45,0,53,52,0,22,0,0,0,0,0,1.3862943611198906,2.9444389791664403,4.189654742026425,3.828641396489095,0,3.9889840465642745,3.970291913552122,0,3.1354942159291497,0,0,0,65,53,18,52,22
2011-06-01,0,0,0,0,0,5,18,63,52,0,47,53,0,29,0,0,0,0,0,1.791759469228055,2.9444389791664403,4.1588830833596715,3.970291913552122,0,3.871201010907891,3.9889840465642745,0,3.4011973816621555,0,0,0,63,47,18,53,29,0,0,0,0,0,3,17,69,46,0,47,47,0,27,0,0,0,0,0,1.3862943611198906,2.8903717578961645,4.248495242049359,3.8501476017100584,0,3.871201010907891,3.871201010907891,0,3.332204510175204,0,0,0,69,47,17,47,27
2011-07-01,0,0,18,0,0,5,23,64,60,0,57,52,0,32,0,0,2.9444389791664403,0,0,1.791759469228055,3.1780538303479458,4.174387269895637,4.110873864173311,0,4.060443010546419,3.970291913552122,0,3.4965075614664802,0,0,0,64,57,23,52,32,0,0,0,0,0,5,18,63,52,0,47,53,0,29,0,0,0,0,0,1.791759469228055,2.9444389791664403,4.1588830833596715,3.970291913552122,0,3.871201010907891,3.9889840465642745,0,3.4011973816621555,0,0,0,63,47,18,53,29
2011-08-01,0,0,0,0,0,4,22,60,61,0,63,61,0,29,0,0,0,0,0,1.6094379124341003,3.1354942159291497,4.110873864173311,4.127134385045092,0,4.1588830833596715,4.127134385045092,0,3.4011973816621555,0,0,0,60,63,22,61,29,0,0,18,0,0,5,23,64,60,0,57,52,0,32,0,0,2.9444389791664403,0,0,1.791759469228055,3.1780538303479458,4.174387269895637,4.110873864173311,0,4.060443010546419,3.970291913552122,0,3.4965075614664802,0,0,0,64,57,23,52,32
2011-09-01,100,0,0,0,0,6,22,67,63,0,57,53,0,31,4.61512051684126,0,0,0,0,1.9459101490553132,3.1354942159291497,4.219507705176107,4.1588830833596715,0,4.060443010546419,3.9889840465642745,0,3.4657359027997265,0,0,1.8867924528301887,67,57,22,-47,31,0,0,0,0,0,4,22,60,61,0,63,61,0,29,0,0,0,0,0,1.6094379124341003,3.1354942159291497,4.110873864173311,4.127134385045092,0,4.1588830833596715,4.127134385045092,0,3.4011973816621555,0,0,0,60,63,22,61,29
2011-10-01,0,0,0,0,0,3,19,67,56,0,50,49,0,29,0,0,0,0,0,1.3862943611198906,2.995732273553991,4.219507705176107,4.04305126783455,0,3.9318256327243257,3.912023005428146,0,3.4011973816621555,0,0,0,67,50,19,49,29,100,0,0,0,0,6,22,67,63,0,57,53,0,31,4.61512051684126,0,0,0,0,1.9459101490553132,3.1354942159291497,4.219507705176107,4.1588830833596715,0,4.060443010546419,3.9889840465642745,0,3.4657359027997265,0,0,1.8867924528301887,67,57,22,-47,31
2011-11-01,0,0,6,0,0,0,18,65,55,0,46,53,0,28,0,0,1.9459101490553132,0,0,0,2.9444389791664403,4.189654742026425,4.02535169073515,0,3.8501476017100584,3.9889840465642745,0,3.367295829986474,0,0,0,65,46,18,53,28,0,0,0,0,0,3,19,67,56,0,50,49,0,29,0,0,0,0,0,1.3862943611198906,2.995732273553991,4.219507705176107,4.04305126783455,0,3.9318256327243257,3.912023005428146,0,3.4011973816621555,0,0,0,67,50,19,49,29
2011-12-01,0,0,0,0,0,5,14,56,40,0,51,44,0,31,0,0,0,0,0,1.791759469228055,2.70805020110221,4.04305126783455,3.713572066704308,0,3.9512437185814275,3.8066624897703196,0,3.4657359027997265,0,0,0,56,51,14,44,31,0,0,6,0,0,0,18,65,55,0,46,53,0,28,0,0,1.9459101490553132,0,0,0,2.9444389791664403,4.189654742026425,4.02535169073515,0,3.8501476017100584,3.9889840465642745,0,3.367295829986474,0,0,0,65,46,18,53,28
2012-01-01,0,0,0,0,0,4,17,67,52,0,40,55,0,29,0,0,0,0,0,1.6094379124341003,2.8903717578961645,4.219507705176107,3.970291913552122,0,3.713572066704308,4.02535169073515,0,3.4011973816621555,0,0,0,67,40,17,55,29,0,0,0,0,0,5,14,56,40,0,51,44,0,31,0,0,0,0,0,1.791759469228055,2.70805020110221,4.04305126783455,3.713572066704308,0,3.9512437185814275,3.8066624897703196,0,3.4657359027997265,0,0,0,56,51,14,44,31
2012-02-01,0,0,0,0,0,4,14,65,53,0,44,52,0,28,0,0,0,0,0,1.6094379124341003,2.70805020110221,4.189654742026425,3.9889840465642745,0,3.8066624897703196,3.970291913552122,0,3.367295829986474,0,0,0,65,44,14,52,28,0,0,0,0,0,4,17,67,52,0,40,55,0,29,0,0,0,0,0,1.6094379124341003,2.8903717578961645,4.219507705176107,3.970291913552122,0,3.713572066704308,4.02535169073515,0,3.4011973816621555,0,0,0,67,40,17,55,29
2012-03-01,0,0,0,0,0,4,14,61,49,0,47,49,0,28,0,0,0,0,0,1.6094379124341003,2.70805020110221,4.127134385045092,3.912023005428146,0,3.871201010907891,3.912023005428146,0,3.367295829986474,0,0,0,61,47,14,49,28,0,0,0,0,0,4,14,65,53,0,44,52,0,28,0,0,0,0,0,1.6094379124341003,2.70805020110221,4.189654742026425,3.9889840465642745,0,3.8066624897703196,3.970291913552122,0,3.367295829986474,0,0,0,65,44,14,52,28
2012-04-01,0,0,0,0,0,3,14,64,46,0,51,45,0,31,0,0,0,0,0,1.3862943611198906,2.70805020110221,4.174387269895637,3.8501476017100584,0,3.9512437185814275,3.828641396489095,0,3.4657359027997265,0,0,0,64,51,14,45,31,0,0,0,0,0,4,14,61,49,0,47,49,0,28,0,0,0,0,0,1.6094379124341003,2.70805020110221,4.127134385045092,3.912023005428146,0,3.871201010907891,3.912023005428146,0,3.367295829986474,0,0,0,61,47,14,49,28
2012-05-01,0,0,0,0,0,3,12,61,42,0,47,44,0,28,0,0,0,0,0,1.3862943611198906,2.5649493574615367,4.127134385045092,3.7612001156935624,0,3.871201010907891,3.8066624897703196,0,3.367295829986474,0,0,0,61,47,12,44,28,0,0,0,0,0,3,14,64,46,0,51,45,0,31,0,0,0,0,0,1.3862943611198906,2.70805020110221,4.174387269895637,3.8501476017100584,0,3.9512437185814275,3.828641396489095,0,3.4657359027997265,0,0,0,64,51,14,45,31
2012-06-01,0,0,0,0,0,4,12,57,46,0,52,47,0,38,0,0,0,0,0,1.6094379124341003,2.5649493574615367,4.060443010546419,3.8501476017100584,0,3.970291913552122,3.871201010907891,0,3.6635616461296463,0,0,0,57,52,12,47,38,0,0,0,0,0,3,12,61,42,0,47,44,0,28,0,0,0,0,0,1.3862943611198906,2.5649493574615367,4.127134385045092,3.7612001156935624,0,3.871201010907891,3.8066624897703196,0,3.367295829986474,0,0,0,61,47,12,44,28
2012-07-01,0,0,5,0,0,4,14,58,53,0,51,52,0,37,0,0,1.791759469228055,0,0,1.6094379124341003,2.70805020110221,4.07753744390572,3.9889840465642745,0,3.9512437185814275,3.970291913552122,0,3.6375861597263857,0,0,0,58,51,14,52,37,0,0,0,0,0,4,12,57,46,0,52,47,0,38,0,0,0,0,0,1.6094379124341003,2.5649493574615367,4.060443010546419,3.8501476017100584,0,3.970291913552122,3.871201010907891,0,3.6635616461296463,0,0,0,57,52,12,47,38
2012-08-01,0,0,0,0,0,2,12,56,54,0,56,51,0,34,0,0,0,0,0,1.0986122886681098,2.5649493574615367,4.04305126783455,4.007333185232471,0,4.04305126783455,3.9512437185814275,0,3.5553480614894135,0,0,0,56,56,12,51,34,0,0,5,0,0,4,14,58,53,0,51,52,0,37,0,0,1.791759469228055,0,0,1.6094379124341003,2.70805020110221,4.07753744390572,3.9889840465642745,0,3.9512437185814275,3.970291913552122,0,3.6375861597263857,0,0,0,58,51,14,52,37
2012-09-01,0,0,0,0,0,3,12,62,54,0,48,52,0,34,0,0,0,0,0,1.3862943611198906,2.5649493574615367,4.143134726391533,4.007333185232471,0,3.8918202981106265,3.970291913552122,0,3.5553480614894135,0,0,0,62,48,12,52,34,0,0,0,0,0,2,12,56,54,0,56,51,0,34,0,0,0,0,0,1.0986122886681098,2.5649493574615367,4.04305126783455,4.007333185232471,0,4.04305126783455,3.9512437185814275,0,3.5553480614894135,0,0,0,56,56,12,51,34
2012-10-01,0,0,0,0,0,3,12,65,51,0,50,50,0,35,0,0,0,0,0,1.3862943611198906,2.5649493574615367,4.189654742026425,3.9512437185814275,0,3.9318256327243257,3.9318256327243257,0,3.58351893845611,0,0,0,65,50,12,50,35,0,0,0,0,0,3,12,62,54,0,48,52,0,34,0,0,0,0,0,1.3862943611198906,2.5649493574615367,4.143134726391533,4.007333185232471,0,3.8918202981106265,3.970291913552122,0,3.5553480614894135,0,0,0,62,48,12,52,34
2012-11-01,0,0,0,0,0,4,11,62,47,0,52,49,0,34,0,0,0,0,0,1.6094379124341003,2.4849066497880004,4.143134726391533,3.871201010907891,0,3.970291913552122,3.912023005428146,0,3.5553480614894135,0,0,0,62,52,11,49,34,0,0,0,0,0,3,12,65,51,0,50,50,0,35,0,0,0,0,0,1.3862943611198906,2.5649493574615367,4.189654742026425,3.9512437185814275,0,3.9318256327243257,3.9318256327243257,0,3.58351893845611,0,0,0,65,50,12,50,35
2012-12-01,0,0,0,0,0,3,8,52,36,0,50,45,0,40,0,0,0,0,0,1.3862943611198906,2.1972245773362196,3.970291913552122,3.6109179126442243,0,3.9318256327243257,3.828641396489095,0,3.713572066704308,0,0,0,52,50,8,45,40,0,0,0,0,0,4,11,62,47,0,52,49,0,34,0,0,0,0,0,1.6094379124341003,2.4849066497880004,4.143134726391533,3.871201010907891,0,3.970291913552122,3.912023005428146,0,3.5553480614894135,0,0,0,62,52,11,49,34
2013-01-01,0,0,0,0,0,4,12,62,48,0,42,57,0,29,0,0,0,0,0,1.6094379124341003,2.5649493574615367,4.143134726391533,3.8918202981106265,0,3.7612001156935624,4.060443010546419,0,3.4011973816621555,0,0,0,62,42,12,57,29,0,0,0,0,0,3,8,52,36,0,50,45,0,40,0,0,0,0,0,1.3862943611198906,2.1972245773362196,3.970291913552122,3.6109179126442243,0,3.9318256327243257,3.828641396489095,0,3.713572066704308,0,0,0,52,50,8,45,40
2013-02-01,0,0,0,0,0,3,11,66,50,0,49,53,0,30,0,0,0,0,0,1.3862943611198906,2.4849066497880004,4.204692619390966,3.9318256327243257,0,3.912023005428146,3.9889840465642745,0,3.4339872044851463,0,0,0,66,49,11,53,30,0,0,0,0,0,4,12,62,48,0,42,57,0,29,0,0,0,0,0,1.6094379124341003,2.5649493574615367,4.143134726391533,3.8918202981106265,0,3.7612001156935624,4.060443010546419,0,3.4011973816621555,0,0,0,62,42,12,57,29
2013-03-01,0,0,4,0,0,4,11,63,48,0,49,54,0,35,0,0,1.6094379124341003,0,0,1.6094379124341003,2.4849066497880004,4.1588830833596715,3.8918202981106265,0,3.912023005428146,4.007333185232471,0,3.58351893845611,0,0,0,63,49,11,54,35,0,0,0,0,0,3,11,66,50,0,49,53,0,30,0,0,0,0,0,1.3862943611198906,2.4849066497880004,4.204692619390966,3.9318256327243257,0,3.912023005428146,3.9889840465642745,0,3.4339872044851463,0,0,0,66,49,11,53,30
2013-04-01,0,0,4,0,0,2,10,63,49,0,47,51,0,36,0,0,1.6094379124341003,0,0,1.0986122886681098,2.3978952727983707,4.1588830833596715,3.912023005428146,0,3.871201010907891,3.9512437185814275,0,3.6109179126442243,0,0,0,63,47,10,51,36,0,0,4,0,0,4,11,63,48,0,49,54,0,35,0,0,1.6094379124341003,0,0,1.6094379124341003,2.4849066497880004,4.1588830833596715,3.8918202981106265,0,3.912023005428146,4.007333185232471,0,3.58351893845611,0,0,0,63,49,11,54,35
2013-05-01,0,0,0,0,0,4,10,61,45,0,43,43,0,41,0,0,0,0,0,1.6094379124341003,2.3978952727983707,4.127134385045092,3.828641396489095,0,3.784189633918261,3.784189633918261,0,3.7376696182833684,0,0,0,61,43,10,43,41,0,0,4,0,0,2,10,63,49,0,47,51,0,36,0,0,1.6094379124341003,0,0,1.0986122886681098,2.3978952727983707,4.1588830833596715,3.912023005428146,0,3.871201010907891,3.9512437185814275,0,3.6109179126442243,0,0,0,63,47,10,51,36
2013-06-01,0,0,3,0,0,3,9,58,47,0,50,49,0,41,0,0,1.3862943611198906,0,0,1.3862943611198906,2.302585092994046,4.07753744390572,3.871201010907891,0,3.9318256327243257,3.912023005428146,0,3.7376696182833684,0,0,0,58,50,9,49,41,0,0,0,0,0,4,10,61,45,0,43,43,0,41,0,0,0,0,0,1.6094379124341003,2.3978952727983707,4.127134385045092,3.828641396489095,0,3.784189633918261,3.784189633918261,0,3.7376696182833684,0,0,0,61,43,10,43,41
2013-07-01,0,0,6,0,0,3,12,59,58,0,54,52,0,47,0,0,1.9459101490553132,0,0,1.3862943611198906,2.5649493574615367,4.0943445622221,4.07753744390572,0,4.007333185232471,3.970291913552122,0,3.871201010907891,0,0,0,59,54,12,52,47,0,0,3,0,0,3,9,58,47,0,50,49,0,41,0,0,1.3862943611198906,0,0,1.3862943611198906,2.302585092994046,4.07753744390572,3.871201010907891,0,3.9318256327243257,3.912023005428146,0,3.7376696182833684,0,0,0,58,50,9,49,41
2013-08-01,0,0,7,0,0,4,11,53,59,0,52,52,0,43,0,0,2.0794415416798357,0,0,1.6094379124341003,2.4849066497880004,3.9889840465642745,4.0943445622221,0,3.970291913552122,3.970291913552122,0,3.784189633918261,0,0,0,53,52,11,52,43,0,0,6,0,0,3,12,59,58,0,54,52,0,47,0,0,1.9459101490553132,0,0,1.3862943611198906,2.5649493574615367,4.0943445622221,4.07753744390572,0,4.007333185232471,3.970291913552122,0,3.871201010907891,0,0,0,59,54,12,52,47
2013-09-01,0,0,4,0,0,3,11,62,58,0,45,51,0,39,0,0,1.6094379124341003,0,0,1.3862943611198906,2.4849066497880004,4.143134726391533,4.07753744390572,0,3.828641396489095,3.9512437185814275,0,3.6888794541139363,0,0,0,62,45,11,51,39,0,0,7,0,0,4,11,53,59,0,52,52,0,43,0,0,2.0794415416798357,0,0,1.6094379124341003,2.4849066497880004,3.9889840465642745,4.0943445622221,0,3.970291913552122,3.970291913552122,0,3.784189633918261,0,0,0,53,52,11,52,43
2013-10-01,0,0,4,0,0,2,11,68,57,0,46,48,0,38,0,0,1.6094379124341003,0,0,1.0986122886681098,2.4849066497880004,4.23410650459726,4.060443010546419,0,3.8501476017100584,3.8918202981106265,0,3.6635616461296463,0,0,0,68,46,11,48,38,0,0,4,0,0,3,11,62,58,0,45,51,0,39,0,0,1.6094379124341003,0,0,1.3862943611198906,2.4849066497880004,4.143134726391533,4.07753744390572,0,3.828641396489095,3.9512437185814275,0,3.6888794541139363,0,0,0,62,45,11,51,39
2013-11-01,0,0,4,0,0,3,10,65,53,0,45,50,0,37,0,0,1.6094379124341003,0,0,1.3862943611198906,2.3978952727983707,4.189654742026425,3.9889840465642745,0,3.828641396489095,3.9318256327243257,0,3.6375861597263857,0,0,0,65,45,10,50,37,0,0,4,0,0,2,11,68,57,0,46,48,0,38,0,0,1.6094379124341003,0,0,1.0986122886681098,2.4849066497880004,4.23410650459726,4.060443010546419,0,3.8501476017100584,3.8918202981106265,0,3.6635616461296463,0,0,0,68,46,11,48,38
2013-12-01,0,0,6,0,3,3,8,60,43,0,49,47,0,46,0,0,1.9459101490553132,0,1.3862943611198906,1.3862943611198906,2.1972245773362196,4.110873864173311,3.784189633918261,0,3.912023005428146,3.871201010907891,0,3.8501476017100584,0.05,0,0,57,49,8,47,46,0,0,4,0,0,3,10,65,53,0,45,50,0,37,0,0,1.6094379124341003,0,0,1.3862943611198906,2.3978952727983707,4.189654742026425,3.9889840465642745,0,3.828641396489095,3.9318256327243257,0,3.6375861597263857,0,0,0,65,45,10,50,37
2014-01-01,0,0,3,0,8,3,11,66,56,0,44,50,0,34,0,0,1.3862943611198906,0,2.1972245773362196,1.3862943611198906,2.4849066497880004,4.204692619390966,4.04305126783455,0,3.8066624897703196,3.9318256327243257,0,3.5553480614894135,0.12121212121212122,0,0,58,44,11,50,34,0,0,6,0,3,3,8,60,43,0,49,47,0,46,0,0,1.9459101490553132,0,1.3862943611198906,1.3862943611198906,2.1972245773362196,4.110873864173311,3.784189633918261,0,3.912023005428146,3.871201010907891,0,3.8501476017100584,0.05,0,0,57,49,8,47,46
2014-02-01,0,0,5,0,4,3,10,73,62,0,47,49,0,37,0,0,1.791759469228055,0,1.6094379124341003,1.3862943611198906,2.3978952727983707,4.30406509320417,4.143134726391533,0,3.871201010907891,3.912023005428146,0,3.6375861597263857,0.0547945205479452,0,0,69,47,10,49,37,0,0,3,0,8,3,11,66,56,0,44,50,0,34,0,0,1.3862943611198906,0,2.1972245773362196,1.3862943611198906,2.4849066497880004,4.204692619390966,4.04305126783455,0,3.8066624897703196,3.9318256327243257,0,3.5553480614894135,0.12121212121212122,0,0,58,44,11,50,34
2014-03-01,0,21,4,0,4,3,9,72,61,0,45,51,0,39,0,3.091042453358316,1.6094379124341003,0,1.6094379124341003,1.3862943611198906,2.302585092994046,4.290459441148391,4.127134385045092,0,3.828641396489095,3.9512437185814275,0,3.6888794541139363,0.05555555555555555,0,0,68,45,9,51,39,0,0,5,0,4,3,10,73,62,0,47,49,0,37,0,0,1.791759469228055,0,1.6094379124341003,1.3862943611198906,2.3978952727983707,4.30406509320417,4.143134726391533,0,3.871201010907891,3.912023005428146,0,3.6375861597263857,0.0547945205479452,0,0,69,47,10,49,37
2014-04-01,0,18,5,0,6,4,9,69,56,0,51,49,0,37,0,2.9444389791664403,1.791759469228055,0,1.9459101490553132,1.6094379124341003,2.302585092994046,4.248495242049359,4.04305126783455,0,3.9512437185814275,3.912023005428146,0,3.6375861597263857,0.08695652173913043,0,0,63,51,9,49,37,0,21,4,0,4,3,9,72,61,0,45,51,0,39,0,3.091042453358316,1.6094379124341003,0,1.6094379124341003,1.3862943611198906,2.302585092994046,4.290459441148391,4.127134385045092,0,3.828641396489095,3.9512437185814275,0,3.6888794541139363,0.05555555555555555,0,0,68,45,9,51,39
2014-05-01,0,22,6,0,6,3,8,68,52,0,55,42,0,45,0,3.1354942159291497,1.9459101490553132,0,1.9459101490553132,1.3862943611198906,2.1972245773362196,4.23410650459726,3.970291913552122,0,4.02535169073515,3.7612001156935624,0,3.828641396489095,0.08823529411764706,0,0,62,55,8,42,45,0,18,5,0,6,4,9,69,56,0,51,49,0,37,0,2.9444389791664403,1.791759469228055,0,1.9459101490553132,1.6094379124341003,2.302585092994046,4.248495242049359,4.04305126783455,0,3.9512437185814275,3.912023005428146,0,3.6375861597263857,0.08695652173913043,0,0,63,51,9,49,37
2014-06-01,0,26,9,0,2,3,9,61,56,0,59,49,0,48,0,3.295836866004329,2.302585092994046,0,1.0986122886681098,1.3862943611198906,2.302585092994046,4.127134385045092,4.04305126783455,0,4.0943445622221,3.912023005428146,0,3.8918202981106265,0.03278688524590164,0,0,59,59,9,49,48,0,22,6,0,6,3,8,68,52,0,55,42,0,45,0,3.1354942159291497,1.9459101490553132,0,1.9459101490553132,1.3862943611198906,2.1972245773362196,4.23410650459726,3.970291913552122,0,4.02535169073515,3.7612001156935624,0,3.828641396489095,0.08823529411764706,0,0,62,55,8,42,45
2014-07-01,0,0,8,0,3,2,10,64,64,0,65,52,0,48,0,0,2.1972245773362196,0,1.3862943611198906,1.0986122886681098,2.3978952727983707,4.174387269895637,4.174387269895637,0,4.189654742026425,3.970291913552122,0,3.8918202981106265,0.046875,0,0,61,65,10,52,48,0,26,9,0,2,3,9,61,56,0,59,49,0,48,0,3.295836866004329,2.302585092994046,0,1.0986122886681098,1.3862943611198906,2.302585092994046,4.127134385045092,4.04305126783455,0,4.0943445622221,3.912023005428146,0,3.8918202981106265,0.03278688524590164,0,0,59,59,9,49,48
2014-08-01,0,0,9,0,4,3,9,60,68,0,62,50,0,48,0,0,2.302585092994046,0,1.6094379124341003,1.3862943611198906,2.302585092994046,4.110873864173311,4.23410650459726,0,4.143134726391533,3.9318256327243257,0,3.8918202981106265,0.06666666666666667,0,0,56,62,9,50,48,0,0,8,0,3,2,10,64,64,0,65,52,0,48,0,0,2.1972245773362196,0,1.3862943611198906,1.0986122886681098,2.3978952727983707,4.174387269895637,4.174387269895637,0,4.189654742026425,3.970291913552122,0,3.8918202981106265,0.046875,0,0,61,65,10,52,48
2014-09-01,0,0,5,0,5,2,10,71,76,0,57,49,0,47,0,0,1.791759469228055,0,1.791759469228055,1.0986122886681098,2.3978952727983707,4.276666119016055,4.343805421853684,0,4.060443010546419,3.912023005428146,0,3.871201010907891,0.07042253521126761,0,0,66,57,10,49,47,0,0,9,0,4,3,9,60,68,0,62,50,0,48,0,0,2.302585092994046,0,1.6094379124341003,1.3862943611198906,2.302585092994046,4.110873864173311,4.23410650459726,0,4.143134726391533,3.9318256327243257,0,3.8918202981106265,0.06666666666666667,0,0,56,62,9,50,48
2014-10-01,0,0,5,0,4,3,11,73,71,0,52,47,0,43,0,0,1.791759469228055,0,1.6094379124341003,1.3862943611198906,2.4849066497880004,4.30406509320417,4.276666119016055,0,3.970291913552122,3.871201010907891,0,3.784189633918261,0.0547945205479452,0,0,69,52,11,47,43,0,0,5,0,5,2,10,71,76,0,57,49,0,47,0,0,1.791759469228055,0,1.791759469228055,1.0986122886681098,2.3978952727983707,4.276666119016055,4.343805421853684,0,4.060443010546419,3.912023005428146,0,3.871201010907891,0.07042253521126761,0,0,66,57,10,49,47
2014-11-01,0,26,5,0,12,2,10,71,68,0,63,48,0,44,0,3.295836866004329,1.791759469228055,0,2.5649493574615367,1.0986122886681098,2.3978952727983707,4.276666119016055,4.23410650459726,0,4.1588830833596715,3.8918202981106265,0,3.8066624897703196,0.16901408450704225,0,0,59,63,10,48,44,0,0,5,0,4,3,11,73,71,0,52,47,0,43,0,0,1.791759469228055,0,1.6094379124341003,1.3862943611198906,2.4849066497880004,4.30406509320417,4.276666119016055,0,3.970291913552122,3.871201010907891,0,3.784189633918261,0.0547945205479452,0,0,69,52,11,47,43
2014-12-01,0,34,9,0,8,3,8,65,55,0,79,52,0,55,0,3.5553480614894135,2.302585092994046,0,2.1972245773362196,1.3862943611198906,2.1972245773362196,4.189654742026425,4.02535169073515,0,4.382026634673881,3.970291913552122,0,4.02535169073515,0.12307692307692308,0,0,57,79,8,52,55,0,26,5,0,12,2,10,71,68,0,63,48,0,44,0,3.295836866004329,1.791759469228055,0,2.5649493574615367,1.0986122886681098,2.3978952727983707,4.276666119016055,4.23410650459726,0,4.1588830833596715,3.8918202981106265,0,3.8066624897703196,0.16901408450704225,0,0,59,63,10,48,44
2015-01-01,0,18,11,9,15,2,11,77,80,0,55,58,0,39,0,2.9444389791664403,2.4849066497880004,2.302585092994046,2.772588722239781,1.0986122886681098,2.4849066497880004,4.356708826689592,4.394449154672439,0,4.02535169073515,4.07753744390572,0,3.6888794541139363,0.19480519480519481,0.8181818181818182,0,62,55,2,58,39,0,34,9,0,8,3,8,65,55,0,79,52,0,55,0,3.5553480614894135,2.302585092994046,0,2.1972245773362196,1.3862943611198906,2.1972245773362196,4.189654742026425,4.02535169073515,0,4.382026634673881,3.970291913552122,0,4.02535169073515,0.12307692307692308,0,0,57,79,8,52,55
2015-02-01,0,29,7,9,12,3,12,83,84,0,58,55,0,40,0,3.4011973816621555,2.0794415416798357,2.302585092994046,2.5649493574615367,1.3862943611198906,2.5649493574615367,4.430816798843313,4.442651256490317,0,4.07753744390572,4.02535169073515,0,3.713572066704308,0.14457831325301204,0.75,0,71,58,3,55,40,0,18,11,9,15,2,11,77,80,0,55,58,0,39,0,2.9444389791664403,2.4849066497880004,2.302585092994046,2.772588722239781,1.0986122886681098,2.4849066497880004,4.356708826689592,4.394449154672439,0,4.02535169073515,4.07753744390572,0,3.6888794541139363,0.19480519480519481,0.8181818181818182,0,62,55,2,58,39
2015-03-01,0,22,8,0,6,3,11,80,79,0,60,52,0,40,0,3.1354942159291497,2.1972245773362196,0,1.9459101490553132,1.3862943611198906,2.4849066497880004,4.394449154672439,4.382026634673881,0,4.110873864173311,3.970291913552122,0,3.713572066704308,0.075,0,0,74,60,11,52,40,0,29,7,9,12,3,12,83,84,0,58,55,0,40,0,3.4011973816621555,2.0794415416798357,2.302585092994046,2.5649493574615367,1.3862943611198906,2.5649493574615367,4.430816798843313,4.442651256490317,0,4.07753744390572,4.02535169073515,0,3.713572066704308,0.14457831325301204,0.75,0,71,58,3,55,40
2015-04-01,0,18,5,9,10,3,10,82,81,0,55,51,0,36,0,2.9444389791664403,1.791759469228055,2.302585092994046,2.3978952727983707,1.3862943611198906,2.3978952727983707,4.418840607796598,4.406719247264253,0,4.02535169073515,3.9512437185814275,0,3.6109179126442243,0.12195121951219512,0.9,0,72,55,1,51,36,0,22,8,0,6,3,11,80,79,0,60,52,0,40,0,3.1354942159291497,2.1972245773362196,0,1.9459101490553132,1.3862943611198906,2.4849066497880004,4.394449154672439,4.382026634673881,0,4.110873864173311,3.970291913552122,0,3.713572066704308,0.075,0,0,74,60,11,52,40
2015-05-01,0,24,12,14,13,2,9,74,69,0,55,47,0,38,0,3.2188758248682006,2.5649493574615367,2.70805020110221,2.6390573296152584,1.0986122886681098,2.302585092994046,4.31748811353631,4.248495242049359,0,4.02535169073515,3.871201010907891,0,3.6635616461296463,0.17567567567567569,1.5555555555555556,0,61,55,-5,47,38,0,18,5,9,10,3,10,82,81,0,55,51,0,36,0,2.9444389791664403,1.791759469228055,2.302585092994046,2.3978952727983707,1.3862943611198906,2.3978952727983707,4.418840607796598,4.406719247264253,0,4.02535169073515,3.9512437185814275,0,3.6109179126442243,0.12195121951219512,0.9,0,72,55,1,51,36
2015-06-01,0,29,11,0,21,3,10,71,79,0,62,54,0,44,0,3.4011973816621555,2.4849066497880004,0,3.091042453358316,1.3862943611198906,2.3978952727983707,4.276666119016055,4.382026634673881,0,4.143134726391533,4.007333185232471,0,3.8066624897703196,0.29577464788732394,0,0,50,62,10,54,44,0,24,12,14,13,2,9,74,69,0,55,47,0,38,0,3.2188758248682006,2.5649493574615367,2.70805020110221,2.6390573296152584,1.0986122886681098,2.302585092994046,4.31748811353631,4.248495242049359,0,4.02535169073515,3.871201010907891,0,3.6635616461296463,0.17567567567567569,1.5555555555555556,0,61,55,-5,47,38
2015-07-01,0,55,12,8,25,3,11,72,86,0,62,54,0,49,0,4.02535169073515,2.5649493574615367,2.1972245773362196,3.258096538021482,1.3862943611198906,2.4849066497880004,4.290459441148391,4.465908118654584,0,4.143134726391533,4.007333185232471,0,3.912023005428146,0.3472222222222222,0.7272727272727273,0,47,62,3,54,49,0,29,11,0,21,3,10,71,79,0,62,54,0,44,0,3.4011973816621555,2.4849066497880004,0,3.091042453358316,1.3862943611198906,2.3978952727983707,4.276666119016055,4.382026634673881,0,4.143134726391533,4.007333185232471,0,3.8066624897703196,0.29577464788732394,0,0,50,62,10,54,44
2015-08-01,0,24,12,0,22,3,11,67,85,0,65,55,0,45,0,3.2188758248682006,2.5649493574615367,0,3.1354942159291497,1.3862943611198906,2.4849066497880004,4.219507705176107,4.454347296253507,0,4.189654742026425,4.02535169073515,0,3.828641396489095,0.3283582089552239,0,0,45,65,11,55,45,0,55,12,8,25,3,11,72,86,0,62,54,0,49,0,4.02535169073515,2.5649493574615367,2.1972245773362196,3.258096538021482,1.3862943611198906,2.4849066497880004,4.290459441148391,4.465908118654584,0,4.143134726391533,4.007333185232471,0,3.912023005428146,0.3472222222222222,0.7272727272727273,0,47,62,3,54,49
2015-09-01,0,23,10,0,25,3,10,81,91,0,56,54,0,43,0,3.1780538303479458,2.3978952727983707,0,3.258096538021482,1.3862943611198906,2.3978952727983707,4.406719247264253,4.5217885770490405,0,4.04305126783455,4.007333185232471,0,3.784189633918261,0.30864197530864196,0,0,56,56,10,54,43,0,24,12,0,22,3,11,67,85,0,65,55,0,45,0,3.2188758248682006,2.5649493574615367,0,3.1354942159291497,1.3862943611198906,2.4849066497880004,4.219507705176107,4.454347296253507,0,4.189654742026425,4.02535169073515,0,3.828641396489095,0.3283582089552239,0,0,45,65,11,55,45
2015-10-01,0,30,8,14,30,3,10,82,91,0,48,54,0,43,0,3.4339872044851463,2.1972245773362196,2.70805020110221,3.4339872044851463,1.3862943611198906,2.3978952727983707,4.418840607796598,4.5217885770490405,0,3.8918202981106265,4.007333185232471,0,3.784189633918261,0.36585365853658536,1.4,0,52,48,-4,54,43,0,23,10,0,25,3,10,81,91,0,56,54,0,43,0,3.1780538303479458,2.3978952727983707,0,3.258096538021482,1.3862943611198906,2.3978952727983707,4.406719247264253,4.5217885770490405,0,4.04305126783455,4.007333185232471,0,3.784189633918261,0.30864197530864196,0,0,56,56,10,54,43
2015-11-01,0,25,7,25,37,3,10,78,88,0,52,53,0,43,0,3.258096538021482,2.0794415416798357,3.258096538021482,3.6375861597263857,1.3862943611198906,2.3978952727983707,4.3694478524670215,4.48863636973214,0,3.970291913552122,3.9889840465642745,0,3.784189633918261,0.47435897435897434,2.5,0,41,52,-15,53,43,0,30,8,14,30,3,10,82,91,0,48,54,0,43,0,3.4339872044851463,2.1972245773362196,2.70805020110221,3.4339872044851463,1.3862943611198906,2.3978952727983707,4.418840607796598,4.5217885770490405,0,3.8918202981106265,4.007333185232471,0,3.784189633918261,0.36585365853658536,1.4,0,52,48,-4,54,43
2015-12-01,0,25,8,100,37,2,8,72,70,0,65,53,0,51,0,3.258096538021482,2.1972245773362196,4.61512051684126,3.6375861597263857,1.0986122886681098,2.1972245773362196,4.290459441148391,4.2626798770413155,0,4.189654742026425,3.9889840465642745,0,3.9512437185814275,0.5138888888888888,12.5,0,35,65,-92,53,51,0,25,7,25,37,3,10,78,88,0,52,53,0,43,0,3.258096538021482,2.0794415416798357,3.258096538021482,3.6375861597263857,1.3862943611198906,2.3978952727983707,4.3694478524670215,4.48863636973214,0,3.970291913552122,3.9889840465642745,0,3.784189633918261,0.47435897435897434,2.5,0,41,52,-15,53,43
2016-01-01,0,30,11,93,59,2,11,83,94,0,49,75,0,38,0,3.4339872044851463,2.4849066497880004,4.543294782270004,4.0943445622221,1.0986122886681098,2.4849066497880004,4.430816798843313,4.553876891600541,0,3.912023005428146,4.330733340286331,0,3.6635616461296463,0.7108433734939759,8.454545454545455,0,24,49,-82,75,38,0,25,8,100,37,2,8,72,70,0,65,53,0,51,0,3.258096538021482,2.1972245773362196,4.61512051684126,3.6375861597263857,1.0986122886681098,2.1972245773362196,4.290459441148391,4.2626798770413155,0,4.189654742026425,3.9889840465642745,0,3.9512437185814275,0.5138888888888888,12.5,0,35,65,-92,53,51
2016-02-01,0,14,10,37,66,2,11,88,100,0,53,78,0,40,0,2.70805020110221,2.3978952727983707,3.6375861597263857,4.204692619390966,1.0986122886681098,2.4849066497880004,4.48863636973214,4.61512051684126,0,3.9889840465642745,4.3694478524670215,0,3.713572066704308,0.75,3.3636363636363638,0,22,53,-26,78,40,0,30,11,93,59,2,11,83,94,0,49,75,0,38,0,3.4339872044851463,2.4849066497880004,4.543294782270004,4.0943445622221,1.0986122886681098,2.4849066497880004,4.430816798843313,4.553876891600541,0,3.912023005428146,4.330733340286331,0,3.6635616461296463,0.7108433734939759,8.454545454545455,0,24,49,-82,75,38
2016-03-01,0,21,10,20,57,2,10,87,99,0,54,64,0,42,0,3.091042453358316,2.3978952727983707,3.044522437723423,4.060443010546419,1.0986122886681098,2.3978952727983707,4.477336814478207,4.605170185988092,0,4.007333185232471,4.174387269895637,0,3.7612001156935624,0.6551724137931034,2,0,30,54,-10,64,42,0,14,10,37,66,2,11,88,100,0,53,78,0,40,0,2.70805020110221,2.3978952727983707,3.6375861597263857,4.204692619390966,1.0986122886681098,2.4849066497880004,4.48863636973214,4.61512051684126,0,3.9889840465642745,4.3694478524670215,0,3.713572066704308,0.75,3.3636363636363638,0,22,53,-26,78,40
2016-04-01,0,20,9,26,56,3,8,78,79,0,57,65,0,40,0,3.044522437723423,2.302585092994046,3.295836866004329,4.04305126783455,1.3862943611198906,2.1972245773362196,4.3694478524670215,4.382026634673881,0,4.060443010546419,4.189654742026425,0,3.713572066704308,0.717948717948718,3.25,0,22,57,-18,65,40,0,21,10,20,57,2,10,87,99,0,54,64,0,42,0,3.091042453358316,2.3978952727983707,3.044522437723423,4.060443010546419,1.0986122886681098,2.3978952727983707,4.477336814478207,4.605170185988092,0,4.007333185232471,4.174387269895637,0,3.7612001156935624,0.6551724137931034,2,0,30,54,-10,64,42
2016-05-01,0,30,14,21,55,2,7,75,78,0,50,60,0,41,0,3.4339872044851463,2.70805020110221,3.091042453358316,4.02535169073515,1.0986122886681098,2.0794415416798357,4.330733340286331,4.3694478524670215,0,3.9318256327243257,4.110873864173311,0,3.7376696182833684,0.7333333333333333,3,0,20,50,-14,60,41,0,20,9,26,56,3,8,78,79,0,57,65,0,40,0,3.044522437723423,2.302585092994046,3.295836866004329,4.04305126783455,1.3862943611198906,2.1972245773362196,4.3694478524670215,4.382026634673881,0,4.060443010546419,4.189654742026425,0,3.713572066704308,0.717948717948718,3.25,0,22,57,-18,65,40
2016-06-01,0,48,21,28,62,3,7,68,84,0,61,72,0,48,0,3.8918202981106265,3.091042453358316,3.367295829986474,4.143134726391533,1.3862943611198906,2.0794415416798357,4.23410650459726,4.442651256490317,0,4.127134385045092,4.290459441148391,0,3.8918202981106265,0.9117647058823529,4,0,6,61,-21,72,48,0,30,14,21,55,2,7,75,78,0,50,60,0,41,0,3.4339872044851463,2.70805020110221,3.091042453358316,4.02535169073515,1.0986122886681098,2.0794415416798357,4.330733340286331,4.3694478524670215,0,3.9318256327243257,4.110873864173311,0,3.7376696182833684,0.7333333333333333,3,0,20,50,-14,60,41
2016-07-01,0,52,18,33,65,3,8,66,89,0,62,82,0,52,0,3.970291913552122,2.9444389791664403,3.5263605246161616,4.189654742026425,1.3862943611198906,2.1972245773362196,4.204692619390966,4.499809670330265,0,4.143134726391533,4.418840607796598,0,3.970291913552122,0.9848484848484849,4.125,0,1,62,-25,82,52,0,48,21,28,62,3,7,68,84,0,61,72,0,48,0,3.8918202981106265,3.091042453358316,3.367295829986474,4.143134726391533,1.3862943611198906,2.0794415416798357,4.23410650459726,4.442651256490317,0,4.127134385045092,4.290459441148391,0,3.8918202981106265,0.9117647058823529,4,0,6,61,-21,72,48
2016-08-01,0,37,14,21,64,2,8,63,87,0,59,76,0,64,0,3.6375861597263857,2.70805020110221,3.091042453358316,4.174387269895637,1.0986122886681098,2.1972245773362196,4.1588830833596715,4.477336814478207,0,4.0943445622221,4.343805421853684,0,4.174387269895637,1.0158730158730158,2.625,0,-1,59,-13,76,64,0,52,18,33,65,3,8,66,89,0,62,82,0,52,0,3.970291913552122,2.9444389791664403,3.5263605246161616,4.189654742026425,1.3862943611198906,2.1972245773362196,4.204692619390966,4.499809670330265,0,4.143134726391533,4.418840607796598,0,3.970291913552122,0.9848484848484849,4.125,0,1,62,-25,82,52
2016-09-01,0,24,11,30,84,3,8,76,92,0,52,76,0,55,0,3.2188758248682006,2.4849066497880004,3.4339872044851463,4.442651256490317,1.3862943611198906,2.1972245773362196,4.343805421853684,4.532599493153256,0,3.970291913552122,4.343805421853684,0,4.02535169073515,1.105263157894737,3.75,0,-8,52,-22,76,55,0,37,14,21,64,2,8,63,87,0,59,76,0,64,0,3.6375861597263857,2.70805020110221,3.091042453358316,4.174387269895637,1.0986122886681098,2.1972245773362196,4.1588830833596715,4.477336814478207,0,4.0943445622221,4.343805421853684,0,4.174387269895637,1.0158730158730158,2.625,0,-1,59,-13,76,64
2016-10-01,0,32,10,39,71,3,8,78,94,0,52,72,0,60,0,3.4965075614664802,2.3978952727983707,3.6888794541139363,4.276666119016055,1.3862943611198906,2.1972245773362196,4.3694478524670215,4.553876891600541,0,3.970291913552122,4.290459441148391,0,4.110873864173311,0.9102564102564102,4.875,0,7,52,-31,72,60,0,24,11,30,84,3,8,76,92,0,52,76,0,55,0,3.2188758248682006,2.4849066497880004,3.4339872044851463,4.442651256490317,1.3862943611198906,2.1972245773362196,4.343805421853684,4.532599493153256,0,3.970291913552122,4.343805421853684,0,4.02535169073515,1.105263157894737,3.75,0,-8,52,-22,76,55
2016-11-01,0,28,11,76,87,4,8,81,85,0,52,74,0,43,0,3.367295829986474,2.4849066497880004,4.343805421853684,4.477336814478207,1.6094379124341003,2.1972245773362196,4.406719247264253,4.454347296253507,0,3.970291913552122,4.31748811353631,0,3.784189633918261,1.0740740740740742,9.5,0,-6,52,-68,74,43,0,32,10,39,71,3,8,78,94,0,52,72,0,60,0,3.4965075614664802,2.3978952727983707,3.6888794541139363,4.276666119016055,1.3862943611198906,2.1972245773362196,4.3694478524670215,4.553876891600541,0,3.970291913552122,4.290459441148391,0,4.110873864173311,0.9102564102564102,4.875,0,7,52,-31,72,60
2016-12-01,0,37,12,36,87,3,6,68,68,0,51,64,0,47,0,3.6375861597263857,2.5649493574615367,3.6109179126442243,4.477336814478207,1.3862943611198906,1.9459101490553132,4.23410650459726,4.23410650459726,0,3.9512437185814275,4.174387269895637,0,3.871201010907891,1.2794117647058822,6,0,-19,51,-30,64,47,0,28,11,76,87,4,8,81,85,0,52,74,0,43,0,3.367295829986474,2.4849066497880004,4.343805421853684,4.477336814478207,1.6094379124341003,2.1972245773362196,4.406719247264253,4.454347296253507,0,3.970291913552122,4.31748811353631,0,3.784189633918261,1.0740740740740742,9.5,0,-6,52,-68,74,43
2017-01-01,0,25,12,36,89,3,8,75,95,0,42,78,0,39,0,3.258096538021482,2.5649493574615367,3.6109179126442243,4.499809670330265,1.3862943611198906,2.1972245773362196,4.330733340286331,4.564348191467836,0,3.7612001156935624,4.3694478524670215,0,3.6888794541139363,1.1866666666666668,4.5,0,-14,42,-28,78,39,0,37,12,36,87,3,6,68,68,0,51,64,0,47,0,3.6375861597263857,2.5649493574615367,3.6109179126442243,4.477336814478207,1.3862943611198906,1.9459101490553132,4.23410650459726,4.23410650459726,0,3.9512437185814275,4.174387269895637,0,3.871201010907891,1.2794117647058822,6,0,-19,51,-30,64,47
2017-02-01,0,21,9,49,100,2,8,80,97,0,45,77,0,42,0,3.091042453358316,2.302585092994046,3.912023005428146,4.61512051684126,1.0986122886681098,2.1972245773362196,4.394449154672439,4.584967478670572,0,3.828641396489095,4.356708826689592,0,3.7612001156935624,1.25,6.125,0,-20,45,-41,77,42,0,25,12,36,89,3,8,75,95,0,42,78,0,39,0,3.258096538021482,2.5649493574615367,3.6109179126442243,4.499809670330265,1.3862943611198906,2.1972245773362196,4.330733340286331,4.564348191467836,0,3.7612001156935624,4.3694478524670215,0,3.6888794541139363,1.1866666666666668,4.5,0,-14,42,-28,78,39
2017-03-01,0,35,12,45,82,3,8,78,99,0,45,78,0,45,0,3.58351893845611,2.5649493574615367,3.828641396489095,4.418840607796598,1.3862943611198906,2.1972245773362196,4.3694478524670215,4.605170185988092,0,3.828641396489095,4.3694478524670215,0,3.828641396489095,1.0512820512820513,5.625,0,-4,45,-37,78,45,0,21,9,49,100,2,8,80,97,0,45,77,0,42,0,3.091042453358316,2.302585092994046,3.912023005428146,4.61512051684126,1.0986122886681098,2.1972245773362196,4.394449154672439,4.584967478670572,0,3.828641396489095,4.356708826689592,0,3.7612001156935624,1.25,6.125,0,-20,45,-41,77,42
2017-04-01,0,38,13,44,81,3,7,72,82,0,47,72,0,52,0,3.6635616461296463,2.6390573296152584,3.8066624897703196,4.406719247264253,1.3862943611198906,2.0794415416798357,4.290459441148391,4.418840607796598,0,3.871201010907891,4.290459441148391,0,3.970291913552122,1.125,6.285714285714286,0,-9,47,-37,72,52,0,35,12,45,82,3,8,78,99,0,45,78,0,45,0,3.58351893845611,2.5649493574615367,3.828641396489095,4.418840607796598,1.3862943611198906,2.1972245773362196,4.3694478524670215,4.605170185988092,0,3.828641396489095,4.3694478524670215,0,3.828641396489095,1.0512820512820513,5.625,0,-4,45,-37,78,45
2017-05-01,0,47,19,34,82,3,7,73,80,0,48,70,0,47,0,3.871201010907891,2.995732273553991,3.5553480614894135,4.418840607796598,1.3862943611198906,2.0794415416798357,4.30406509320417,4.394449154672439,0,3.8918202981106265,4.2626798770413155,0,3.871201010907891,1.1232876712328768,4.857142857142857,0,-9,48,-27,70,47,0,38,13,44,81,3,7,72,82,0,47,72,0,52,0,3.6635616461296463,2.6390573296152584,3.8066624897703196,4.406719247264253,1.3862943611198906,2.0794415416798357,4.290459441148391,4.418840607796598,0,3.871201010907891,4.290459441148391,0,3.970291913552122,1.125,6.285714285714286,0,-9,47,-37,72,52
2017-06-01,0,45,22,34,83,2,7,63,86,0,52,75,0,55,0,3.828641396489095,3.1354942159291497,3.5553480614894135,4.430816798843313,1.0986122886681098,2.0794415416798357,4.1588830833596715,4.465908118654584,0,3.970291913552122,4.330733340286331,0,4.02535169073515,1.3174603174603174,4.857142857142857,0,-20,52,-27,75,55,0,47,19,34,82,3,7,73,80,0,48,70,0,47,0,3.871201010907891,2.995732273553991,3.5553480614894135,4.418840607796598,1.3862943611198906,2.0794415416798357,4.30406509320417,4.394449154672439,0,3.8918202981106265,4.2626798770413155,0,3.871201010907891,1.1232876712328768,4.857142857142857,0,-9,48,-27,70,47
2017-07-01,0,56,22,28,74,3,7,62,91,0,57,80,0,56,0,4.04305126783455,3.1354942159291497,3.367295829986474,4.31748811353631,1.3862943611198906,2.0794415416798357,4.143134726391533,4.5217885770490405,0,4.060443010546419,4.394449154672439,0,4.04305126783455,1.1935483870967742,4,0,-12,57,-21,80,56,0,45,22,34,83,2,7,63,86,0,52,75,0,55,0,3.828641396489095,3.1354942159291497,3.5553480614894135,4.430816798843313,1.0986122886681098,2.0794415416798357,4.1588830833596715,4.465908118654584,0,3.970291913552122,4.330733340286331,0,4.02535169073515,1.3174603174603174,4.857142857142857,0,-20,52,-27,75,55
2017-08-01,0,39,18,24,65,3,7,61,94,0,55,75,0,52,0,3.6888794541139363,2.9444389791664403,3.2188758248682006,4.189654742026425,1.3862943611198906,2.0794415416798357,4.127134385045092,4.553876891600541,0,4.02535169073515,4.330733340286331,0,3.970291913552122,1.0655737704918034,3.4285714285714284,0,-4,55,-17,75,52,0,56,22,28,74,3,7,62,91,0,57,80,0,56,0,4.04305126783455,3.1354942159291497,3.367295829986474,4.31748811353631,1.3862943611198906,2.0794415416798357,4.143134726391533,4.5217885770490405,0,4.060443010546419,4.394449154672439,0,4.04305126783455,1.1935483870967742,4,0,-12,57,-21,80,56
2017-09-01,0,57,15,35,56,3,8,67,92,0,49,75,0,50,0,4.060443010546419,2.772588722239781,3.58351893845611,4.04305126783455,1.3862943611198906,2.1972245773362196,4.219507705176107,4.532599493153256,0,3.912023005428146,4.330733340286331,0,3.9318256327243257,0.835820895522388,4.375,0,11,49,-27,75,50,0,39,18,24,65,3,7,61,94,0,55,75,0,52,0,3.6888794541139363,2.9444389791664403,3.2188758248682006,4.189654742026425,1.3862943611198906,2.0794415416798357,4.127134385045092,4.553876891600541,0,4.02535169073515,4.330733340286331,0,3.970291913552122,1.0655737704918034,3.4285714285714284,0,-4,55,-17,75,52
2017-10-01,0,48,16,32,49,2,8,76,92,0,47,81,0,49,0,3.8918202981106265,2.833213344056216,3.4965075614664802,3.912023005428146,1.0986122886681098,2.1972245773362196,4.343805421853684,4.532599493153256,0,3.871201010907891,4.406719247264253,0,3.912023005428146,0.6447368421052632,4,0,27,47,-24,81,49,0,57,15,35,56,3,8,67,92,0,49,75,0,50,0,4.060443010546419,2.772588722239781,3.58351893845611,4.04305126783455,1.3862943611198906,2.1972245773362196,4.219507705176107,4.532599493153256,0,3.912023005428146,4.330733340286331,0,3.9318256327243257,0.835820895522388,4.375,0,11,49,-27,75,50
2017-11-01,0,54,13,34,58,3,7,67,92,0,49,81,0,47,0,4.007333185232471,2.6390573296152584,3.5553480614894135,4.07753744390572,1.3862943611198906,2.0794415416798357,4.219507705176107,4.532599493153256,0,3.912023005428146,4.406719247264253,0,3.871201010907891,0.8656716417910447,4.857142857142857,0,9,49,-27,81,47,0,48,16,32,49,2,8,76,92,0,47,81,0,49,0,3.8918202981106265,2.833213344056216,3.4965075614664802,3.912023005428146,1.0986122886681098,2.1972245773362196,4.343805421853684,4.532599493153256,0,3.871201010907891,4.406719247264253,0,3.912023005428146,0.6447368421052632,4,0,27,47,-24,81,49
2017-12-01,0,49,17,32,63,3,6,61,70,0,50,73,0,56,0,3.912023005428146,2.8903717578961645,3.4965075614664802,4.1588830833596715,1.3862943611198906,1.9459101490553132,4.127134385045092,4.2626798770413155,0,3.9318256327243257,4.30406509320417,0,4.04305126783455,1.0327868852459017,5.333333333333333,0,-2,50,-26,73,56,0,54,13,34,58,3,7,67,92,0,49,81,0,47,0,4.007333185232471,2.6390573296152584,3.5553480614894135,4.07753744390572,1.3862943611198906,2.0794415416798357,4.219507705176107,4.532599493153256,0,3.912023005428146,4.406719247264253,0,3.871201010907891,0.8656716417910447,4.857142857142857,0,9,49,-27,81,47
2018-01-01,0,43,15,33,80,2,8,70,92,0,45,85,0,46,0,3.784189633918261,2.772588722239781,3.5263605246161616,4.394449154672439,1.0986122886681098,2.1972245773362196,4.2626798770413155,4.532599493153256,0,3.828641396489095,4.454347296253507,0,3.8501476017100584,1.1428571428571428,4.125,0,-10,45,-25,85,46,0,49,17,32,63,3,6,61,70,0,50,73,0,56,0,3.912023005428146,2.8903717578961645,3.4965075614664802,4.1588830833596715,1.3862943611198906,1.9459101490553132,4.127134385045092,4.2626798770413155,0,3.9318256327243257,4.30406509320417,0,4.04305126783455,1.0327868852459017,5.333333333333333,0,-2,50,-26,73,56
2018-02-01,0,40,10,23,63,2,7,74,91,0,43,82,0,43,0,3.713572066704308,2.3978952727983707,3.1780538303479458,4.1588830833596715,1.0986122886681098,2.0794415416798357,4.31748811353631,4.5217885770490405,0,3.784189633918261,4.418840607796598,0,3.784189633918261,0.8513513513513513,3.2857142857142856,0,11,43,-16,82,43,0,43,15,33,80,2,8,70,92,0,45,85,0,46,0,3.784189633918261,2.772588722239781,3.5263605246161616,4.394449154672439,1.0986122886681098,2.1972245773362196,4.2626798770413155,4.532599493153256,0,3.828641396489095,4.454347296253507,0,3.8501476017100584,1.1428571428571428,4.125,0,-10,45,-25,85,46
2018-03-01,0,39,13,33,61,3,7,67,81,0,55,78,0,49,0,3.6888794541139363,2.6390573296152584,3.5263605246161616,4.127134385045092,1.3862943611198906,2.0794415416798357,4.219507705176107,4.406719247264253,0,4.02535169073515,4.3694478524670215,0,3.912023005428146,0.9104477611940298,4.714285714285714,0,6,55,-26,78,49,0,40,10,23,63,2,7,74,91,0,43,82,0,43,0,3.713572066704308,2.3978952727983707,3.1780538303479458,4.1588830833596715,1.0986122886681098,2.0794415416798357,4.31748811353631,4.5217885770490405,0,3.784189633918261,4.418840607796598,0,3.784189633918261,0.8513513513513513,3.2857142857142856,0,11,43,-16,82,43
2018-04-01,0,50,14,15,51,2,6,67,83,0,46,79,0,50,0,3.9318256327243257,2.70805020110221,2.772588722239781,3.9512437185814275,1.0986122886681098,1.9459101490553132,4.219507705176107,4.430816798843313,0,3.8501476017100584,4.382026634673881,0,3.9318256327243257,0.7611940298507462,2.5,0,16,46,-9,79,50,0,39,13,33,61,3,7,67,81,0,55,78,0,49,0,3.6888794541139363,2.6390573296152584,3.5263605246161616,4.127134385045092,1.3862943611198906,2.0794415416798357,4.219507705176107,4.406719247264253,0,4.02535169073515,4.3694478524670215,0,3.912023005428146,0.9104477611940298,4.714285714285714,0,6,55,-26,78,49
2018-05-01,0,56,17,15,43,2,6,69,75,0,48,76,0,52,0,4.04305126783455,2.8903717578961645,2.772588722239781,3.784189633918261,1.0986122886681098,1.9459101490553132,4.248495242049359,4.330733340286331,0,3.8918202981106265,4.343805421853684,0,3.970291913552122,0.6231884057971014,2.5,0,26,48,-9,76,52,0,50,14,15,51,2,6,67,83,0,46,79,0,50,0,3.9318256327243257,2.70805020110221,2.772588722239781,3.9512437185814275,1.0986122886681098,1.9459101490553132,4.219507705176107,4.430816798843313,0,3.8501476017100584,4.382026634673881,0,3.9318256327243257,0.7611940298507462,2.5,0,16,46,-9,79,50
2018-06-01,0,69,25,16,40,5,6,53,78,0,52,85,8,57,0,4.248495242049359,3.258096538021482,2.833213344056216,3.713572066704308,1.791759469228055,1.9459101490553132,3.9889840465642745,4.3694478524670215,0,3.970291913552122,4.454347296253507,2.1972245773362196,4.060443010546419,0.7547169811320755,2.6666666666666665,0,13,52,-10,85,49,0,56,17,15,43,2,6,69,75,0,48,76,0,52,0,4.04305126783455,2.8903717578961645,2.772588722239781,3.784189633918261,1.0986122886681098,1.9459101490553132,4.248495242049359,4.330733340286331,0,3.8918202981106265,4.343805421853684,0,3.970291913552122,0.6231884057971014,2.5,0,26,48,-9,76,52
2018-07-01,0,81,28,17,38,4,7,53,90,0,55,91,0,55,0,4.406719247264253,3.367295829986474,2.8903717578961645,3.6635616461296463,1.6094379124341003,2.0794415416798357,3.9889840465642745,4.51085950651685,0,4.02535169073515,4.5217885770490405,0,4.02535169073515,0.71698113207547165,2.4285714285714284,0,15,55,-10,91,55,0,69,25,16,40,5,6,53,78,0,52,85,8,57,0,4.248495242049359,3.258096538021482,2.833213344056216,3.713572066704308,1.791759469228055,1.9459101490553132,3.9889840465642745,4.3694478524670215,0,3.970291913552122,4.454347296253507,2.1972245773362196,4.060443010546419,0.7547169811320755,2.6666666666666665,0,13,52,-10,85,49
2018-08-01,0,63,22,19,36,3,7,53,89,0,51,86,0,58,0,4.1588830833596715,3.1354942159291497,2.995732273553991,3.6109179126442243,1.3862943611198906,2.0794415416798357,3.9889840465642745,4.499809670330265,0,3.9512437185814275,4.465908118654584,0,4.07753744390572,0.6792452830188679,2.7142857142857144,0,17,51,-12,86,58,0,81,28,17,38,4,7,53,90,0,55,91,0,55,0,4.406719247264253,3.367295829986474,2.8903717578961645,3.6635616461296463,1.6094379124341003,2.0794415416798357,3.9889840465642745,4.51085950651685,0,4.02535169073515,4.5217885770490405,0,4.02535169073515,0.71698113207547165,2.4285714285714284,0,15,55,-10,91,55
2018-09-01,0,55,18,18,32,3,7,62,81,0,42,82,6,53,0,4.02535169073515,2.9444389791664403,2.9444389791664403,3.4965075614664802,1.3862943611198906,2.0794415416798357,4.143134726391533,4.406719247264253,0,3.7612001156935624,4.418840607796598,1.9459101490553132,3.9889840465642745,0.5161290322580645,2.5714285714285716,0,30,42,-11,82,47,0,63,22,19,36,3,7,53,89,0,51,86,0,58,0,4.1588830833596715,3.1354942159291497,2.995732273553991,3.6109179126442243,1.3862943611198906,2.0794415416798357,3.9889840465642745,4.499809670330265,0,3.9512437185814275,4.465908118654584,0,4.07753744390572,0.6792452830188679,2.7142857142857144,0,17,51,-12,86,58
2018-10-01,0,43,16,20,34,3,7,67,88,0,39,85,0,48,0,3.784189633918261,2.833213344056216,3.044522437723423,3.5553480614894135,1.3862943611198906,2.0794415416798357,4.219507705176107,4.48863636973214,0,3.6888794541139363,4.454347296253507,0,3.8918202981106265,0.5074626865671642,2.857142857142857,0,33,39,-13,85,48,0,55,18,18,32,3,7,62,81,0,42,82,6,53,0,4.02535169073515,2.9444389791664403,2.9444389791664403,3.4965075614664802,1.3862943611198906,2.0794415416798357,4.143134726391533,4.406719247264253,0,3.7612001156935624,4.418840607796598,1.9459101490553132,3.9889840465642745,0.5161290322580645,2.5714285714285716,0,30,42,-11,82,47
2018-11-01,0,34,15,25,46,2,6,66,86,0,44,80,0,48,0,3.5553480614894135,2.772588722239781,3.258096538021482,3.8501476017100584,1.0986122886681098,1.9459101490553132,4.204692619390966,4.465908118654584,0,3.8066624897703196,4.394449154672439,0,3.8918202981106265,0.696969696969697,4.166666666666667,0,20,44,-19,80,48,0,43,16,20,34,3,7,67,88,0,39,85,0,48,0,3.784189633918261,2.833213344056216,3.044522437723423,3.5553480614894135,1.3862943611198906,2.0794415416798357,4.219507705176107,4.48863636973214,0,3.6888794541139363,4.454347296253507,0,3.8918202981106265,0.5074626865671642,2.857142857142857,0,33,39,-13,85,48
2018-12-01,0,32,15,22,47,3,5,57,69,0,48,70,0,51,0,3.4965075614664802,2.772588722239781,3.1354942159291497,3.871201010907891,1.3862943611198906,1.791759469228055,4.060443010546419,4.248495242049359,0,3.8918202981106265,4.2626798770413155,0,3.9512437185814275,0.8245614035087719,4.4,0,10,48,-17,70,51,0,34,15,25,46,2,6,66,86,0,44,80,0,48,0,3.5553480614894135,2.772588722239781,3.258096538021482,3.8501476017100584,1.0986122886681098,1.9459101490553132,4.204692619390966,4.465908118654584,0,3.8066624897703196,4.394449154672439,0,3.8918202981106265,0.696969696969697,4.166666666666667,0,20,44,-19,80,48
2019-01-01,0,36,15,29,63,2,7,69,91,0,33,88,0,47,0,3.6109179126442243,2.772588722239781,3.4011973816621555,4.1588830833596715,1.0986122886681098,2.0794415416798357,4.248495242049359,4.5217885770490405,0,3.5263605246161616,4.48863636973214,0,3.871201010907891,0.9130434782608695,4.142857142857143,0,6,33,-22,88,47,0,32,15,22,47,3,5,57,69,0,48,70,0,51,0,3.4965075614664802,2.772588722239781,3.1354942159291497,3.871201010907891,1.3862943611198906,1.791759469228055,4.060443010546419,4.248495242049359,0,3.8918202981106265,4.2626798770413155,0,3.9512437185814275,0.8245614035087719,4.4,0,10,48,-17,70,51
2019-02-01,0,49,14,24,57,2,7,67,90,0,34,89,0,49,0,3.912023005428146,2.70805020110221,3.2188758248682006,4.060443010546419,1.0986122886681098,2.0794415416798357,4.219507705176107,4.51085950651685,0,3.5553480614894135,4.499809670330265,0,3.912023005428146,0.8507462686567164,3.4285714285714284,0,10,34,-17,89,49,0,36,15,29,63,2,7,69,91,0,33,88,0,47,0,3.6109179126442243,2.772588722239781,3.4011973816621555,4.1588830833596715,1.0986122886681098,2.0794415416798357,4.248495242049359,4.5217885770490405,0,3.5263605246161616,4.48863636973214,0,3.871201010907891,0.9130434782608695,4.142857142857143,0,6,33,-22,88,47
2019-03-01,0,39,15,17,62,2,6,66,86,0,41,80,0,48,0,3.6888794541139363,2.772588722239781,2.8903717578961645,4.143134726391533,1.0986122886681098,1.9459101490553132,4.204692619390966,4.465908118654584,0,3.7376696182833684,4.394449154672439,0,3.8918202981106265,0.9393939393939394,2.8333333333333335,0,4,41,-11,80,48,0,49,14,24,57,2,7,67,90,0,34,89,0,49,0,3.912023005428146,2.70805020110221,3.2188758248682006,4.060443010546419,1.0986122886681098,2.0794415416798357,4.219507705176107,4.51085950651685,0,3.5553480614894135,4.499809670330265,0,3.912023005428146,0.8507462686567164,3.4285714285714284,0,10,34,-17,89,49
2019-04-01,0,46,17,14,62,2,6,65,81,0,36,81,0,48,0,3.8501476017100584,2.8903717578961645,2.70805020110221,4.143134726391533,1.0986122886681098,1.9459101490553132,4.189654742026425,4.406719247264253,0,3.6109179126442243,4.406719247264253,0,3.8918202981106265,0.9538461538461539,2.3333333333333335,0,3,36,-8,81,48,0,39,15,17,62,2,6,66,86,0,41,80,0,48,0,3.6888794541139363,2.772588722239781,2.8903717578961645,4.143134726391533,1.0986122886681098,1.9459101490553132,4.204692619390966,4.465908118654584,0,3.7376696182833684,4.394449154672439,0,3.8918202981106265,0.9393939393939394,2.8333333333333335,0,4,41,-11,80,48
2019-05-01,0,42,18,16,60,2,6,67,79,0,39,74,0,49,0,3.7612001156935624,2.9444389791664403,2.833213344056216,4.110873864173311,1.0986122886681098,1.9459101490553132,4.219507705176107,4.382026634673881,0,3.6888794541139363,4.31748811353631,0,3.912023005428146,0.8955223880597015,2.6666666666666665,0,7,39,-10,74,49,0,46,17,14,62,2,6,65,81,0,36,81,0,48,0,3.8501476017100584,2.8903717578961645,2.70805020110221,4.143134726391533,1.0986122886681098,1.9459101490553132,4.189654742026425,4.406719247264253,0,3.6109179126442243,4.406719247264253,0,3.8918202981106265,0.9538461538461539,2.3333333333333335,0,3,36,-8,81,48
2019-06-01,0,38,22,11,62,3,6,53,83,0,41,76,0,52,0,3.6635616461296463,3.1354942159291497,2.4849066497880004,4.143134726391533,1.3862943611198906,1.9459101490553132,3.9889840465642745,4.430816798843313,0,3.7376696182833684,4.343805421853684,0,3.970291913552122,1.169811320754717,1.8333333333333333,0,-9,41,-5,76,52,0,42,18,16,60,2,6,67,79,0,39,74,0,49,0,3.7612001156935624,2.9444389791664403,2.833213344056216,4.110873864173311,1.0986122886681098,1.9459101490553132,4.219507705176107,4.382026634673881,0,3.6888794541139363,4.31748811353631,0,3.912023005428146,0.8955223880597015,2.6666666666666665,0,7,39,-10,74,49
2019-07-01,0,46,26,11,53,2,6,53,88,0,41,90,0,52,0,3.8501476017100584,3.295836866004329,2.4849066497880004,3.9889840465642745,1.0986122886681098,1.9459101490553132,3.9889840465642745,4.48863636973214,0,3.7376696182833684,4.51085950651685,0,3.970291913552122,1,1.8333333333333333,0,0,41,-5,90,52,0,38,22,11,62,3,6,53,83,0,41,76,0,52,0,3.6635616461296463,3.1354942159291497,2.4849066497880004,4.143134726391533,1.3862943611198906,1.9459101490553132,3.9889840465642745,4.430816798843313,0,3.7376696182833684,4.343805421853684,0,3.970291913552122,1.169811320754717,1.8333333333333333,0,-9,41,-5,76,52
2019-08-01,0,53,26,11,39,2,6,48,92,0,42,86,0,51,0,3.9889840465642745,3.295836866004329,2.4849066497880004,3.6888794541139363,1.0986122886681098,1.9459101490553132,3.8918202981106265,4.532599493153256,0,3.7612001156935624,4.465908118654584,0,3.9512437185814275,0.8125,1.8333333333333333,0,9,42,-5,86,51,0,46,26,11,53,2,6,53,88,0,41,90,0,52,0,3.8501476017100584,3.295836866004329,2.4849066497880004,3.9889840465642745,1.0986122886681098,1.9459101490553132,3.9889840465642745,4.48863636973214,0,3.7376696182833684,4.51085950651685,0,3.970291913552122,1,1.8333333333333333,0,0,41,-5,90,52
2019-09-01,0,30,23,11,36,2,6,61,91,0,32,83,0,47,0,3.4339872044851463,3.1780538303479458,2.4849066497880004,3.6109179126442243,1.0986122886681098,1.9459101490553132,4.127134385045092,4.5217885770490405,0,3.4965075614664802,4.430816798843313,0,3.871201010907891,0.5901639344262295,1.8333333333333333,0,25,32,-5,83,47,0,53,26,11,39,2,6,48,92,0,42,86,0,51,0,3.9889840465642745,3.295836866004329,2.4849066497880004,3.6888794541139363,1.0986122886681098,1.9459101490553132,3.8918202981106265,4.532599493153256,0,3.7612001156935624,4.465908118654584,0,3.9512437185814275,0.8125,1.8333333333333333,0,9,42,-5,86,51
2019-10-01,0,36,19,5,45,2,6,65,90,0,31,84,0,43,0,3.6109179126442243,2.995732273553991,1.791759469228055,3.828641396489095,1.0986122886681098,1.9459101490553132,4.189654742026425,4.51085950651685,0,3.4657359027997265,4.442651256490317,0,3.784189633918261,0.6923076923076923,0.8333333333333334,0,20,31,1,84,43,0,30,23,11,36,2,6,61,91,0,32,83,0,47,0,3.4339872044851463,3.1780538303479458,2.4849066497880004,3.6109179126442243,1.0986122886681098,1.9459101490553132,4.127134385045092,4.5217885770490405,0,3.4965075614664802,4.430816798843313,0,3.871201010907891,0.5901639344262295,1.8333333333333333,0,25,32,-5,83,47
2019-11-01,0,34,18,9,51,2,6,63,82,0,32,78,0,41,0,3.5553480614894135,2.9444389791664403,2.302585092994046,3.9512437185814275,1.0986122886681098,1.9459101490553132,4.1588830833596715,4.418840607796598,0,3.4965075614664802,4.3694478524670215,0,3.7376696182833684,0.8095238095238095,1.5,0,12,32,-3,78,41,0,36,19,5,45,2,6,65,90,0,31,84,0,43,0,3.6109179126442243,2.995732273553991,1.791759469228055,3.828641396489095,1.0986122886681098,1.9459101490553132,4.189654742026425,4.51085950651685,0,3.4657359027997265,4.442651256490317,0,3.784189633918261,0.6923076923076923,0.8333333333333334,0,20,31,1,84,43
2019-12-01,0,38,22,12,44,3,5,60,67,0,72,72,0,49,0,3.6635616461296463,3.1354942159291497,2.5649493574615367,3.8066624897703196,1.3862943611198906,1.791759469228055,4.110873864173311,4.219507705176107,0,4.290459441148391,4.290459441148391,0,3.912023005428146,0.7333333333333333,2.4,0,16,72,-7,72,49,0,34,18,9,51,2,6,63,82,0,32,78,0,41,0,3.5553480614894135,2.9444389791664403,2.302585092994046,3.9512437185814275,1.0986122886681098,1.9459101490553132,4.1588830833596715,4.418840607796598,0,3.4965075614664802,4.3694478524670215,0,3.7376696182833684,0.8095238095238095,1.5,0,12,32,-3,78,41
2020-01-01,0,29,19,16,65,2,6,64,88,0,36,88,0,36,0,3.4011973816621555,2.995732273553991,2.833213344056216,4.189654742026425,1.0986122886681098,1.9459101490553132,4.174387269895637,4.48863636973214,0,3.6109179126442243,4.48863636973214,0,3.6109179126442243,1.015625,2.6666666666666665,0,-1,36,-10,88,36,0,38,22,12,44,3,5,60,67,0,72,72,0,49,0,3.6635616461296463,3.1354942159291497,2.5649493574615367,3.8066624897703196,1.3862943611198906,1.791759469228055,4.110873864173311,4.219507705176107,0,4.290459441148391,4.290459441148391,0,3.912023005428146,0.7333333333333333,2.4,0,16,72,-7,72,49
2020-02-01,0,37,14,17,62,2,7,66,87,0,37,83,0,37,0,3.6375861597263857,2.70805020110221,2.8903717578961645,4.143134726391533,1.0986122886681098,2.0794415416798357,4.204692619390966,4.477336814478207,0,3.6375861597263857,4.430816798843313,0,3.6375861597263857,0.9393939393939394,2.4285714285714284,0,4,37,-10,83,37,0,29,19,16,65,2,6,64,88,0,36,88,0,36,0,3.4011973816621555,2.995732273553991,2.833213344056216,4.189654742026425,1.0986122886681098,1.9459101490553132,4.174387269895637,4.48863636973214,0,3.6109179126442243,4.48863636973214,0,3.6109179126442243,1.015625,2.6666666666666665,0,-1,36,-10,88,36
2020-03-01,0,51,24,12,53,3,6,60,73,0,43,73,0,40,0,3.9512437185814275,3.2188758248682006,2.5649493574615367,3.9889840465642745,1.3862943611198906,1.9459101490553132,4.110873864173311,4.30406509320417,0,3.784189633918261,4.30406509320417,0,3.713572066704308,0.8833333333333333,2,0,7,43,-6,73,40,0,37,14,17,62,2,7,66,87,0,37,83,0,37,0,3.6375861597263857,2.70805020110221,2.8903717578961645,4.143134726391533,1.0986122886681098,2.0794415416798357,4.204692619390966,4.477336814478207,0,3.6375861597263857,4.430816798843313,0,3.6375861597263857,0.9393939393939394,2.4285714285714284,0,4,37,-10,83,37
2020-04-01,0,13,7,10,38,2,4,57,56,0,29,57,0,30,0,2.6390573296152584,2.0794415416798357,2.3978952727983707,3.6635616461296463,1.0986122886681098,1.6094379124341003,4.060443010546419,4.04305126783455,0,3.4011973816621555,4.060443010546419,0,3.4339872044851463,0.6666666666666666,2.5,0,19,29,-6,57,30,0,51,24,12,53,3,6,60,73,0,43,73,0,40,0,3.9512437185814275,3.2188758248682006,2.5649493574615367,3.9889840465642745,1.3862943611198906,1.9459101490553132,4.110873864173311,4.30406509320417,0,3.784189633918261,4.30406509320417,0,3.713572066704308,0.8833333333333333,2,0,7,43,-6,73,40
2020-05-01,0,18,10,14,63,2,5,52,63,0,28,62,0,36,0,2.9444389791664403,2.3978952727983707,2.70805020110221,4.1588830833596715,1.0986122886681098,1.791759469228055,3.970291913552122,4.1588830833596715,0,3.367295829986474,4.143134726391533,0,3.6109179126442243,1.2115384615384615,2.8,0,-11,28,-9,62,36,0,13,7,10,38,2,4,57,56,0,29,57,0,30,0,2.6390573296152584,2.0794415416798357,2.3978952727983707,3.6635616461296463,1.0986122886681098,1.6094379124341003,4.060443010546419,4.04305126783455,0,3.4011973816621555,4.060443010546419,0,3.4339872044851463,0.6666666666666666,2.5,0,19,29,-6,57,30
2020-06-01,0,44,15,14,67,3,5,51,80,0,33,69,0,42,0,3.8066624897703196,2.772588722239781,2.70805020110221,4.219507705176107,1.3862943611198906,1.791759469228055,3.9512437185814275,4.394449154672439,0,3.5263605246161616,4.248495242049359,0,3.7612001156935624,1.3137254901960784,2.8,0,-16,33,-9,69,42,0,18,10,14,63,2,5,52,63,0,28,62,0,36,0,2.9444389791664403,2.3978952727983707,2.70805020110221,4.1588830833596715,1.0986122886681098,1.791759469228055,3.970291913552122,4.1588830833596715,0,3.367295829986474,4.143134726391533,0,3.6109179126442243,1.2115384615384615,2.8,0,-11,28,-9,62,36
2020-07-01,0,14,8,7,43,3,5,47,81,0,33,76,0,41,0,2.70805020110221,2.1972245773362196,2.0794415416798357,3.784189633918261,1.3862943611198906,1.791759469228055,3.871201010907891,4.406719247264253,0,3.5263605246161616,4.343805421853684,0,3.7376696182833684,0.9148936170212766,1.4,0,4,33,-2,76,41,0,44,15,14,67,3,5,51,80,0,33,69,0,42,0,3.8066624897703196,2.772588722239781,2.70805020110221,4.219507705176107,1.3862943611198906,1.791759469228055,3.9512437185814275,4.394449154672439,0,3.5263605246161616,4.248495242049359,0,3.7612001156935624,1.3137254901960784,2.8,0,-16,33,-9,69,42
2020-08-01,0,43,17,0,26,3,5,45,83,0,36,86,0,42,0,3.784189633918261,2.8903717578961645,0,3.295836866004329,1.3862943611198906,1.791759469228055,3.828641396489095,4.430816798843313,0,3.6109179126442243,4.465908118654584,0,3.7612001156935624,0.5777777777777777,0,0,19,36,5,86,42,0,14,8,7,43,3,5,47,81,0,33,76,0,41,0,2.70805020110221,2.1972245773362196,2.0794415416798357,3.784189633918261,1.3862943611198906,1.791759469228055,3.871201010907891,4.406719247264253,0,3.5263605246161616,4.343805421853684,0,3.7376696182833684,0.9148936170212766,1.4,0,4,33,-2,76,41
2020-09-01,0,55,28,0,20,2,6,54,83,0,31,77,0,40,0,4.02535169073515,3.367295829986474,0,3.044522437723423,1.0986122886681098,1.9459101490553132,4.007333185232471,4.430816798843313,0,3.4657359027997265,4.356708826689592,0,3.713572066704308,0.37037037037037035,0,0,34,31,6,77,40,0,43,17,0,26,3,5,45,83,0,36,86,0,42,0,3.784189633918261,2.8903717578961645,0,3.295836866004329,1.3862943611198906,1.791759469228055,3.828641396489095,4.430816798843313,0,3.6109179126442243,4.465908118654584,0,3.7612001156935624,0.5777777777777777,0,0,19,36,5,86,42
2020-10-01,0,30,18,0,20,2,5,57,76,0,30,71,0,34,0,3.4339872044851463,2.9444389791664403,0,3.044522437723423,1.0986122886681098,1.791759469228055,4.060443010546419,4.343805421853684,0,3.4339872044851463,4.276666119016055,0,3.5553480614894135,0.3508771929824561,0,0,37,30,5,71,34,0,55,28,0,20,2,6,54,83,0,31,77,0,40,0,4.02535169073515,3.367295829986474,0,3.044522437723423,1.0986122886681098,1.9459101490553132,4.007333185232471,4.430816798843313,0,3.4657359027997265,4.356708826689592,0,3.713572066704308,0.37037037037037035,0,0,34,31,6,77,40
2020-11-01,0,24,14,0,22,2,5,54,72,0,29,74,0,33,0,3.2188758248682006,2.70805020110221,0,3.1354942159291497,1.0986122886681098,1.791759469228055,4.007333185232471,4.290459441148391,0,3.4011973816621555,4.31748811353631,0,3.5263605246161616,0.4074074074074074,0,0,32,29,5,74,33,0,30,18,0,20,2,5,57,76,0,30,71,0,34,0,3.4339872044851463,2.9444389791664403,0,3.044522437723423,1.0986122886681098,1.791759469228055,4.060443010546419,4.343805421853684,0,3.4339872044851463,4.276666119016055,0,3.5553480614894135,0.3508771929824561,0,0,37,30,5,71,34
2020-12-01,0,32,12,0,23,3,4,51,58,0,35,69,0,39,0,3.4965075614664802,2.5649493574615367,0,3.1780538303479458,1.3862943611198906,1.6094379124341003,3.9512437185814275,4.07753744390572,0,3.58351893845611,4.248495242049359,0,3.6888794541139363,0.45098039215686275,0,0,28,35,4,69,39,0,24,14,0,22,2,5,54,72,0,29,74,0,33,0,3.2188758248682006,2.70805020110221,0,3.1354942159291497,1.0986122886681098,1.791759469228055,4.007333185232471,4.290459441148391,0,3.4011973816621555,4.31748811353631,0,3.5263605246161616,0.4074074074074074,0,0,32,29,5,74,33
2021-01-01,0,23,14,0,32,3,6,55,73,0,24,96,0,30,0,3.1780538303479458,2.70805020110221,0,3.4965075614664802,1.3862943611198906,1.9459101490553132,4.02535169073515,4.30406509320417,0,3.2188758248682006,4.574710978503383,0,3.4339872044851463,0.5818181818181818,0,0,23,24,6,96,30,0,32,12,0,23,3,4,51,58,0,35,69,0,39,0,3.4965075614664802,2.5649493574615367,0,3.1780538303479458,1.3862943611198906,1.6094379124341003,3.9512437185814275,4.07753744390572,0,3.58351893845611,4.248495242049359,0,3.6888794541139363,0.45098039215686275,0,0,28,35,4,69,39
2021-02-01,0,36,17,0,32,3,5,58,76,0,26,87,0,33,0,3.6109179126442243,2.8903717578961645,0,3.4965075614664802,1.3862943611198906,1.791759469228055,4.07753744390572,4.343805421853684,0,3.295836866004329,4.477336814478207,0,3.5263605246161616,0.5517241379310345,0,0,26,26,5,87,33,0,23,14,0,32,3,6,55,73,0,24,96,0,30,0,3.1780538303479458,2.70805020110221,0,3.4965075614664802,1.3862943611198906,1.9459101490553132,4.02535169073515,4.30406509320417,0,3.2188758248682006,4.574710978503383,0,3.4339872044851463,0.5818181818181818,0,0,23,24,6,96,30
2021-03-01,0,34,17,7,33,3,5,56,78,0,27,80,0,40,0,3.5553480614894135,2.8903717578961645,2.0794415416798357,3.5263605246161616,1.3862943611198906,1.791759469228055,4.04305126783455,4.3694478524670215,0,3.332204510175204,4.394449154672439,0,3.713572066704308,0.5892857142857143,1.4,0,23,27,-2,80,40,0,36,17,0,32,3,5,58,76,0,26,87,0,33,0,3.6109179126442243,2.8903717578961645,0,3.4965075614664802,1.3862943611198906,1.791759469228055,4.07753744390572,4.343805421853684,0,3.295836866004329,4.477336814478207,0,3.5263605246161616,0.5517241379310345,0,0,26,26,5,87,33
2021-04-01,0,36,20,0,35,3,5,52,67,0,28,84,0,42,0,3.6109179126442243,3.044522437723423,0,3.58351893845611,1.3862943611198906,1.791759469228055,3.970291913552122,4.219507705176107,0,3.367295829986474,4.442651256490317,0,3.7612001156935624,0.6730769230769231,0,0,17,28,5,84,42,0,34,17,7,33,3,5,56,78,0,27,80,0,40,0,3.5553480614894135,2.8903717578961645,2.0794415416798357,3.5263605246161616,1.3862943611198906,1.791759469228055,4.04305126783455,4.3694478524670215,0,3.332204510175204,4.394449154672439,0,3.713572066704308,0.5892857142857143,1.4,0,23,27,-2,80,40
2021-05-01,0,44,28,0,40,2,4,48,64,0,25,76,0,39,0,3.8066624897703196,3.367295829986474,0,3.713572066704308,1.0986122886681098,1.6094379124341003,3.8918202981106265,4.174387269895637,0,3.258096538021482,4.343805421853684,0,3.6888794541139363,0.8333333333333334,0,0,8,25,4,76,39,0,36,20,0,35,3,5,52,67,0,28,84,0,42,0,3.6109179126442243,3.044522437723423,0,3.58351893845611,1.3862943611198906,1.791759469228055,3.970291913552122,4.219507705176107,0,3.367295829986474,4.442651256490317,0,3.7612001156935624,0.6730769230769231,0,0,17,28,5,84,42
2021-06-01,0,49,26,0,33,3,5,39,66,0,27,92,0,38,0,3.912023005428146,3.295836866004329,0,3.5263605246161616,1.3862943611198906,1.791759469228055,3.6888794541139363,4.204692619390966,0,3.332204510175204,4.532599493153256,0,3.6635616461296463,0.8461538461538461,0,0,6,27,5,92,38,0,44,28,0,40,2,4,48,64,0,25,76,0,39,0,3.8066624897703196,3.367295829986474,0,3.713572066704308,1.0986122886681098,1.6094379124341003,3.8918202981106265,4.174387269895637,0,3.258096538021482,4.343805421853684,0,3.6888794541139363,0.8333333333333334,0,0,8,25,4,76,39
2021-07-01,0,55,29,0,36,3,5,39,70,0,27,86,0,39,0,4.02535169073515,3.4011973816621555,0,3.6109179126442243,1.3862943611198906,1.791759469228055,3.6888794541139363,4.2626798770413155,0,3.332204510175204,4.465908118654584,0,3.6888794541139363,0.9230769230769231,0,0,3,27,5,86,39,0,49,26,0,33,3,5,39,66,0,27,92,0,38,0,3.912023005428146,3.295836866004329,0,3.5263605246161616,1.3862943611198906,1.791759469228055,3.6888794541139363,4.204692619390966,0,3.332204510175204,4.532599493153256,0,3.6635616461296463,0.8461538461538461,0,0,6,27,5,92,38
2021-08-01,0,61,26,0,33,2,5,38,74,0,25,88,0,41,0,4.127134385045092,3.295836866004329,0,3.5263605246161616,1.0986122886681098,1.791759469228055,3.6635616461296463,4.31748811353631,0,3.258096538021482,4.48863636973214,0,3.7376696182833684,0.868421052631579,0,0,5,25,5,88,41,0,55,29,0,36,3,5,39,70,0,27,86,0,39,0,4.02535169073515,3.4011973816621555,0,3.6109179126442243,1.3862943611198906,1.791759469228055,3.6888794541139363,4.2626798770413155,0,3.332204510175204,4.465908118654584,0,3.6888794541139363,0.9230769230769231,0,0,3,27,5,86,39
2021-09-01,0,34,23,0,30,1,5,48,68,0,24,86,0,41,0,3.5553480614894135,3.1780538303479458,0,3.4339872044851463,0.6931471805599453,1.791759469228055,3.8918202981106265,4.23410650459726,0,3.2188758248682006,4.465908118654584,0,3.7376696182833684,0.625,0,0,18,24,5,86,41,0,61,26,0,33,2,5,38,74,0,25,88,0,41,0,4.127134385045092,3.295836866004329,0,3.5263605246161616,1.0986122886681098,1.791759469228055,3.6635616461296463,4.31748811353631,0,3.258096538021482,4.48863636973214,0,3.7376696182833684,0.868421052631579,0,0,5,25,5,88,41
2021-10-01,0,46,27,0,41,2,5,50,64,0,24,80,0,42,0,3.8501476017100584,3.332204510175204,0,3.7376696182833684,1.0986122886681098,1.791759469228055,3.9318256327243257,4.174387269895637,0,3.2188758248682006,4.394449154672439,0,3.7612001156935624,0.82,0,0,9,24,5,80,42,0,34,23,0,30,1,5,48,68,0,24,86,0,41,0,3.5553480614894135,3.1780538303479458,0,3.4339872044851463,0.6931471805599453,1.791759469228055,3.8918202981106265,4.23410650459726,0,3.2188758248682006,4.465908118654584,0,3.7376696182833684,0.625,0,0,18,24,5,86,41
2021-11-01,0,30,22,0,49,1,5,49,59,0,26,77,0,38,0,3.4339872044851463,3.1354942159291497,0,3.912023005428146,0.6931471805599453,1.791759469228055,3.912023005428146,4.0943445622221,0,3.295836866004329,4.356708826689592,0,3.6635616461296463,1,0,0,0,26,5,77,38,0,46,27,0,41,2,5,50,64,0,24,80,0,42,0,3.8501476017100584,3.332204510175204,0,3.7376696182833684,1.0986122886681098,1.791759469228055,3.9318256327243257,4.174387269895637,0,3.2188758248682006,4.394449154672439,0,3.7612001156935624,0.82,0,0,9,24,5,80,42
2021-12-01,0,35,26,0,49,2,4,44,49,0,21,68,0,39,0,3.58351893845611,3.295836866004329,0,3.912023005428146,1.0986122886681098,1.6094379124341003,3.8066624897703196,3.912023005428146,0,3.091042453358316,4.23410650459726,0,3.6888794541139363,1.1136363636363635,0,0,-5,21,4,68,39,0,30,22,0,49,1,5,49,59,0,26,77,0,38,0,3.4339872044851463,3.1354942159291497,0,3.912023005428146,0.6931471805599453,1.791759469228055,3.912023005428146,4.0943445622221,0,3.295836866004329,4.356708826689592,0,3.6635616461296463,1,0,0,0,26,5,77,38
2022-01-01,33,27,20,13,42,2,5,47,62,0,17,89,0,32,3.5263605246161616,3.332204510175204,3.044522437723423,2.6390573296152584,3.7612001156935624,1.0986122886681098,1.791759469228055,3.871201010907891,4.143134726391533,0,2.8903717578961645,4.499809670330265,0,3.4965075614664802,0.8936170212765957,2.6,0.3707865168539326,5,17,-8,56,32,0,35,26,0,49,2,4,44,49,0,21,68,0,39,0,3.58351893845611,3.295836866004329,0,3.912023005428146,1.0986122886681098,1.6094379124341003,3.8066624897703196,3.912023005428146,0,3.091042453358316,4.23410650459726,0,3.6888794541139363,1.1136363636363635,0,0,-5,21,4,68,39
2022-02-01,0,23,21,5,38,3,4,47,57,0,27,86,0,38,0,3.1780538303479458,3.091042453358316,1.791759469228055,3.6635616461296463,1.3862943611198906,1.6094379124341003,3.871201010907891,4.060443010546419,0,3.332204510175204,4.465908118654584,0,3.6635616461296463,0.8085106382978723,1.25,0,9,27,-1,86,38,33,27,20,13,42,2,5,47,62,0,17,89,0,32,3.5263605246161616,3.332204510175204,3.044522437723423,2.6390573296152584,3.7612001156935624,1.0986122886681098,1.791759469228055,3.871201010907891,4.143134726391533,0,2.8903717578961645,4.499809670330265,0,3.4965075614664802,0.8936170212765957,2.6,0.3707865168539326,5,17,-8,56,32
2022-03-01,0,80,51,10,41,8,5,51,64,0,62,85,0,91,0,4.394449154672439,3.9512437185814275,2.3978952727983707,3.7376696182833684,2.1972245773362196,1.791759469228055,3.9512437185814275,4.174387269895637,0,4.143134726391533,4.454347296253507,0,4.5217885770490405,0.803921568627451,2,0,10,62,-5,85,91,0,23,21,5,38,3,4,47,57,0,27,86,0,38,0,3.1780538303479458,3.091042453358316,1.791759469228055,3.6635616461296463,1.3862943611198906,1.6094379124341003,3.871201010907891,4.060443010546419,0,3.332204510175204,4.465908118654584,0,3.6635616461296463,0.8085106382978723,1.25,0,9,27,-1,86,38
2022-04-01,18,42,34,5,32,5,5,51,62,0,71,83,0,95,2.9444389791664403,3.7612001156935624,3.5553480614894135,1.791759469228055,3.4965075614664802,1.791759469228055,1.791759469228055,3.9512437185814275,4.143134726391533,0,4.276666119016055,4.430816798843313,0,4.564348191467836,0.6274509803921569,1,0.21686746987951808,19,71,0,65,95,0,80,51,10,41,8,5,51,64,0,62,85,0,91,0,4.394449154672439,3.9512437185814275,2.3978952727983707,3.7376696182833684,2.1972245773362196,1.791759469228055,3.9512437185814275,4.174387269895637,0,4.143134726391533,4.454347296253507,0,4.5217885770490405,0.803921568627451,2,0,10,62,-5,85,91
2022-05-01,20,52,41,8,26,6,5,53,59,0,78,78,0,94,3.044522437723423,3.970291913552122,3.7376696182833684,2.1972245773362196,3.295836866004329,1.9459101490553132,1.791759469228055,3.9889840465642745,4.0943445622221,0,4.3694478524670215,4.3694478524670215,0,4.553876891600541,0.49056603773584906,1.6,0.2564102564102564,27,78,-3,58,94,18,42,34,5,32,5,5,51,62,0,71,83,0,95,2.9444389791664403,3.7612001156935624,3.5553480614894135,1.791759469228055,3.4965075614664802,1.791759469228055,1.791759469228055,3.9512437185814275,4.143134726391533,0,4.276666119016055,4.430816798843313,0,4.564348191467836,0.6274509803921569,1,0.21686746987951808,19,71,0,65,95
2022-06-01,0,64,42,0,23,4,5,40,64,0,97,83,5,100,0,4.174387269895637,3.7612001156935624,0,3.1780538303479458,1.6094379124341003,1.791759469228055,3.713572066704308,4.174387269895637,0,4.584967478670572,4.430816798843313,1.791759469228055,4.61512051684126,0.575,0,0,17,97,5,83,95,20,52,41,8,26,6,5,53,59,0,78,78,0,94,3.044522437723423,3.970291913552122,3.7376696182833684,2.1972245773362196,3.295836866004329,1.9459101490553132,1.791759469228055,3.9889840465642745,4.0943445622221,0,4.3694478524670215,4.3694478524670215,0,4.553876891600541,0.49056603773584906,1.6,0.2564102564102564,27,78,-3,58,94
2022-07-01,0,58,46,5,20,5,4,39,68,0,88,93,0,81,0,4.07753744390572,3.8501476017100584,1.791759469228055,3.044522437723423,1.791759469228055,1.6094379124341003,3.6888794541139363,4.23410650459726,0,4.48863636973214,4.543294782270004,0,4.406719247264253,0.5128205128205128,1.25,0,19,88,-1,93,81,0,64,42,0,23,4,5,40,64,0,97,83,5,100,0,4.174387269895637,3.7612001156935624,0,3.1780538303479458,1.6094379124341003,1.791759469228055,3.713572066704308,4.174387269895637,0,4.584967478670572,4.430816798843313,1.791759469228055,4.61512051684126,0.575,0,0,17,97,5,83,95
2022-08-01,0,47,48,0,19,4,4,37,72,0,83,93,0,68,0,3.871201010907891,3.8918202981106265,0,2.995732273553991,1.6094379124341003,1.6094379124341003,3.6375861597263857,4.290459441148391,0,4.430816798843313,4.543294782270004,0,4.23410650459726,0.5135135135135135,0,0,18,83,4,93,68,0,58,46,5,20,5,4,39,68,0,88,93,0,81,0,4.07753744390572,3.8501476017100584,1.791759469228055,3.044522437723423,1.791759469228055,1.6094379124341003,3.6888794541139363,4.23410650459726,0,4.48863636973214,4.543294782270004,0,4.406719247264253,0.5128205128205128,1.25,0,19,88,-1,93,81
2022-09-01,0,100,100,0,13,3,5,46,66,0,67,95,0,75,0,4.61512051684126,4.61512051684126,0,2.6390573296152584,1.3862943611198906,1.791759469228055,3.8501476017100584,4.204692619390966,0,4.219507705176107,4.564348191467836,0,4.330733340286331,0.2826086956521739,0,0,33,67,5,95,75,0,47,48,0,19,4,4,37,72,0,83,93,0,68,0,3.871201010907891,3.8918202981106265,0,2.995732273553991,1.6094379124341003,1.6094379124341003,3.6375861597263857,4.290459441148391,0,4.430816798843313,4.543294782270004,0,4.23410650459726,0.5135135135135135,0,0,18,83,4,93,68
2022-10-01,0,60,46,0,15,4,5,50,60,0,68,82,0,74,0,4.110873864173311,3.8501476017100584,0,2.772588722239781,1.6094379124341003,1.791759469228055,3.9318256327243257,4.110873864173311,0,4.23410650459726,4.418840607796598,0,4.31748811353631,0.3,0,0,35,68,5,82,74,0,100,100,0,13,3,5,46,66,0,67,95,0,75,0,4.61512051684126,4.61512051684126,0,2.6390573296152584,1.3862943611198906,1.791759469228055,3.8501476017100584,4.204692619390966,0,4.219507705176107,4.564348191467836,0,4.330733340286331,0.2826086956521739,0,0,33,67,5,95,75
2022-11-01,0,38,33,0,14,3,4,49,61,0,63,81,0,59,0,3.6635616461296463,3.5263605246161616,0,2.70805020110221,1.3862943611198906,1.6094379124341003,3.912023005428146,4.127134385045092,0,4.1588830833596715,4.406719247264253,0,4.0943445622221,0.2857142857142857,0,0,35,63,4,81,59,0,60,46,0,15,4,5,50,60,0,68,82,0,74,0,4.110873864173311,3.8501476017100584,0,2.772588722239781,1.6094379124341003,1.791759469228055,3.9318256327243257,4.110873864173311,0,4.23410650459726,4.418840607796598,0,4.31748811353631,0.3,0,0,35,68,5,82,74
2022-12-01,0,36,34,0,15,3,4,46,50,0,61,76,0,53,0,3.6109179126442243,3.5553480614894135,0,2.772588722239781,1.3862943611198906,1.6094379124341003,3.8501476017100584,3.9318256327243257,0,4.127134385045092,4.343805421853684,0,3.9889840465642745,0.32608695652173914,0,0,31,61,4,76,53,0,38,33,0,14,3,4,49,61,0,63,81,0,59,0,3.6635616461296463,3.5263605246161616,0,2.70805020110221,1.3862943611198906,1.6094379124341003,3.912023005428146,4.127134385045092,0,4.1588830833596715,4.406719247264253,0,4.0943445622221,0.2857142857142857,0,0,35,63,4,81,59
2023-01-01,23,36,33,5,16,3,4,46,64,0,42,86,0,45,3.1780538303479458,3.6109179126442243,3.5263605246161616,1.791759469228055,2.833213344056216,1.3862943611198906,1.6094379124341003,3.8501476017100584,4.174387269895637,0,3.7612001156935624,4.465908118654584,0,3.828641396489095,0.34782608695652173,1.25,0.26744186046511625,30,42,-1,63,45,0,36,34,0,15,3,4,46,50,0,61,76,0,53,0,3.6109179126442243,3.5553480614894135,0,2.772588722239781,1.3862943611198906,1.6094379124341003,3.8501476017100584,3.9318256327243257,0,4.127134385045092,4.343805421853684,0,3.9889840465642745,0.32608695652173914,0,0,31,61,4,76,53
2023-02-01,0,40,30,0,14,3,4,45,66,0,50,85,0,48,0,3.713572066704308,3.4339872044851463,0,2.70805020110221,1.3862943611198906,1.6094379124341003,3.828641396489095,4.204692619390966,0,3.9318256327243257,4.454347296253507,0,3.8918202981106265,0.3111111111111111,0,0,31,50,4,85,48,23,36,33,5,16,3,4,46,64,0,42,86,0,45,3.1780538303479458,3.6109179126442243,3.5263605246161616,1.791759469228055,2.833213344056216,1.3862943611198906,1.6094379124341003,3.8501476017100584,4.174387269895637,0,3.7612001156935624,4.465908118654584,0,3.828641396489095,0.34782608695652173,1.25,0.26744186046511625,30,42,-1,63,45
2023-03-01,0,23,29,0,13,3,5,47,62,0,63,82,0,60,0,3.1780538303479458,3.4011973816621555,0,2.6390573296152584,1.3862943611198906,1.791759469228055,3.871201010907891,4.143134726391533,0,4.1588830833596715,4.418840607796598,0,4.110873864173311,0.2765957446808511,0,0,34,63,5,82,60,0,40,30,0,14,3,4,45,66,0,50,85,0,48,0,3.713572066704308,3.4339872044851463,0,2.70805020110221,1.3862943611198906,1.6094379124341003,3.828641396489095,4.204692619390966,0,3.9318256327243257,4.454347296253507,0,3.8918202981106265,0.3111111111111111,0,0,31,50,4,85,48
2023-04-01,0,21,28,6,12,3,4,44,57,0,54,78,0,50,0,3.091042453358316,3.367295829986474,1.9459101490553132,2.5649493574615367,1.3862943611198906,1.6094379124341003,3.8066624897703196,4.060443010546419,0,4.007333185232471,4.3694478524670215,0,3.9318256327243257,0.2727272727272727,1.5,0,32,54,-2,78,50,0,23,29,0,13,3,5,47,62,0,63,82,0,60,0,3.1780538303479458,3.4011973816621555,0,2.6390573296152584,1.3862943611198906,1.791759469228055,3.871201010907891,4.143134726391533,0,4.1588830833596715,4.418840607796598,0,4.110873864173311,0.2765957446808511,0,0,34,63,5,82,60
2023-05-01,23,25,41,0,11,3,4,46,55,0,53,81,0,44,3.1780538303479458,3.258096538021482,3.7376696182833684,0,2.4849066497880004,1.3862943611198906,1.6094379124341003,3.8501476017100584,4.02535169073515,0,3.9889840465642745,4.406719247264253,0,3.8066624897703196,0.2391304347826087,0,0.2839506172839506,35,53,4,58,44,0,21,28,6,12,3,4,44,57,0,54,78,0,50,0,3.091042453358316,3.367295829986474,1.9459101490553132,2.5649493574615367,1.3862943611198906,1.6094379124341003,3.8066624897703196,4.060443010546419,0,4.007333185232471,4.3694478524670215,0,3.9318256327243257,0.2727272727272727,1.5,0,32,54,-2,78,50
2023-06-01,0,53,49,0,10,3,4,34,59,0,56,92,0,43,0,3.9889840465642745,3.912023005428146,0,2.3978952727983707,1.3862943611198906,1.6094379124341003,3.5553480614894135,4.0943445622221,0,4.04305126783455,4.532599493153256,0,3.784189633918261,0.29411764705882354,0,0,24,56,4,92,43,23,25,41,0,11,3,4,46,55,0,53,81,0,44,3.1780538303479458,3.258096538021482,3.7376696182833684,0,2.4849066497880004,1.3862943611198906,1.6094379124341003,3.8501476017100584,4.02535169073515,0,3.9889840465642745,4.406719247264253,0,3.8066624897703196,0.2391304347826087,0,0.2839506172839506,35,53,4,58,44
2023-07-01,0,39,35,0,9,3,4,31,61,0,67,96,0,45,0,3.6888794541139363,3.58351893845611,0,2.302585092994046,1.3862943611198906,1.6094379124341003,3.4657359027997265,4.127134385045092,0,4.219507705176107,4.574710978503383,0,3.828641396489095,0.2903225806451613,0,0,22,67,4,96,45,0,53,49,0,10,3,4,34,59,0,56,92,0,43,0,3.9889840465642745,3.912023005428146,0,2.3978952727983707,1.3862943611198906,1.6094379124341003,3.5553480614894135,4.0943445622221,0,4.04305126783455,4.532599493153256,0,3.784189633918261,0.29411764705882354,0,0,24,56,4,92,43
2023-08-01,0,27,36,0,8,3,5,30,66,0,61,96,0,47,0,3.332204510175204,3.6109179126442243,0,2.1972245773362196,1.3862943611198906,1.791759469228055,3.4339872044851463,4.204692619390966,0,4.127134385045092,4.574710978503383,0,3.871201010907891,0.26666666666666666,0,0,22,61,5,96,47,0,39,35,0,9,3,4,31,61,0,67,96,0,45,0,3.6888794541139363,3.58351893845611,0,2.302585092994046,1.3862943611198906,1.6094379124341003,3.4657359027997265,4.127134385045092,0,4.219507705176107,4.574710978503383,0,3.828641396489095,0.2903225806451613,0,0,22,67,4,96,45
2023-09-01,0,26,33,0,6,3,4,39,60,0,45,94,0,38,0,3.295836866004329,3.5263605246161616,0,1.9459101490553132,1.3862943611198906,1.6094379124341003,3.6888794541139363,4.110873864173311,0,3.828641396489095,4.553876891600541,0,3.6635616461296463,0.15384615384615385,0,0,33,45,4,94,38,0,27,36,0,8,3,5,30,66,0,61,96,0,47,0,3.332204510175204,3.6109179126442243,0,2.1972245773362196,1.3862943611198906,1.791759469228055,3.4339872044851463,4.204692619390966,0,4.127134385045092,4.574710978503383,0,3.871201010907891,0.26666666666666666,0,0,22,61,5,96,47
2023-10-01,0,36,25,0,8,3,5,44,60,0,41,85,0,35,0,3.6109179126442243,3.258096538021482,0,2.1972245773362196,1.3862943611198906,1.791759469228055,3.8066624897703196,4.110873864173311,0,3.7376696182833684,4.454347296253507,0,3.58351893845611,0.18181818181818182,0,0,36,41,5,85,35,0,26,33,0,6,3,4,39,60,0,45,94,0,38,0,3.295836866004329,3.5263605246161616,0,1.9459101490553132,1.3862943611198906,1.6094379124341003,3.6888794541139363,4.110873864173311,0,3.828641396489095,4.553876891600541,0,3.6635616461296463,0.15384615384615385,0,0,33,45,4,94,38
2023-11-01,27,31,32,0,9,3,5,42,55,0,34,87,0,35,3.332204510175204,3.4657359027997265,3.4965075614664802,0,2.302585092994046,1.3862943611198906,1.791759469228055,3.7612001156935624,4.02535169073515,0,3.5553480614894135,4.477336814478207,0,3.58351893845611,0.21428571428571427,0,0.3103448275862069,33,34,5,60,35,0,36,25,0,8,3,5,44,60,0,41,85,0,35,0,3.6109179126442243,3.258096538021482,0,2.1972245773362196,1.3862943611198906,1.791759469228055,3.8066624897703196,4.110873864173311,0,3.7376696182833684,4.454347296253507,0,3.58351893845611,0.18181818181818182,0,0,36,41,5,85,35
2023-12-01,0,26,30,0,11,2,4,39,46,0,42,85,0,34,0,3.295836866004329,3.4339872044851463,0,2.4849066497880004,1.0986122886681098,1.6094379124341003,3.6888794541139363,3.8501476017100584,0,3.7612001156935624,4.454347296253507,0,3.5553480614894135,0.28205128205128205,0,0,28,42,4,85,34,27,31,32,0,9,3,5,42,55,0,34,87,0,35,3.332204510175204,3.4657359027997265,3.4965075614664802,0,2.302585092994046,1.3862943611198906,1.791759469228055,3.7612001156935624,4.02535169073515,0,3.5553480614894135,4.477336814478207,0,3.58351893845611,0.21428571428571427,0,0.3103448275862069,33,34,5,60,35
2024-01-01,0,29,27,0,15,3,4,40,61,0,39,91,0,28,0,3.4011973816621555,3.332204510175204,0,2.772588722239781,1.3862943611198906,1.6094379124341003,3.713572066704308,4.127134385045092,0,3.6888794541139363,4.5217885770490405,0,3.367295829986474,0.375,0,0,25,39,4,91,28,0,26,30,0,11,2,4,39,46,0,42,85,0,34,0,3.295836866004329,3.4339872044851463,0,2.4849066497880004,1.0986122886681098,1.6094379124341003,3.6888794541139363,3.8501476017100584,0,3.7612001156935624,4.454347296253507,0,3.5553480614894135,0.28205128205128205,0,0,28,42,4,85,34
2024-02-01,0,17,17,0,9,3,4,41,57,0,40,83,0,30,0,2.8903717578961645,2.8903717578961645,0,2.302585092994046,1.3862943611198906,1.6094379124341003,3.7376696182833684,4.060443010546419,0,3.713572066704308,4.430816798843313,0,3.4339872044851463,0.21951219512195122,0,0,32,40,4,83,30,0,29,27,0,15,3,4,40,61,0,39,91,0,28,0,3.4011973816621555,3.332204510175204,0,2.772588722239781,1.3862943611198906,1.6094379124341003,3.713572066704308,4.127134385045092,0,3.6888794541139363,4.5217885770490405,0,3.367295829986474,0.375,0,0,25,39,4,91,28
2024-03-01,0,17,23,0,7,3,4,36,55,0,41,82,0,34,0,2.8903717578961645,3.1780538303479458,0,2.0794415416798357,1.3862943611198906,1.6094379124341003,3.6109179126442243,4.02535169073515,0,3.7376696182833684,4.418840607796598,0,3.5553480614894135,0.19444444444444445,0,0,29,41,4,82,34,0,17,17,0,9,3,4,41,57,0,40,83,0,30,0,2.8903717578961645,2.8903717578961645,0,2.302585092994046,1.3862943611198906,1.6094379124341003,3.7376696182833684,4.060443010546419,0,3.713572066704308,4.430816798843313,0,3.4339872044851463,0.21951219512195122,0,0,32,40,4,83,30
2024-04-01,0,15,22,0,5,4,3,40,54,0,38,79,0,29,0,2.772588722239781,3.1354942159291497,0,1.791759469228055,1.6094379124341003,1.3862943611198906,3.713572066704308,4.007333185232471,0,3.6635616461296463,4.382026634673881,0,3.4011973816621555,0.125,0,0,35,38,3,79,29,0,17,23,0,7,3,4,36,55,0,41,82,0,34,0,2.8903717578961645,3.1780538303479458,0,2.0794415416798357,1.3862943611198906,1.6094379124341003,3.6109179126442243,4.02535169073515,0,3.7376696182833684,4.418840607796598,0,3.5553480614894135,0.19444444444444445,0,0,29,41,4,82,34
2024-05-01,0,19,23,0,4,3,3,38,51,0,37,79,0,29,0,2.995732273553991,3.1780538303479458,0,1.6094379124341003,1.3862943611198906,1.3862943611198906,3.6635616461296463,3.9512437185814275,0,3.6375861597263857,4.382026634673881,0,3.4011973816621555,0.10526315789473684,0,0,34,37,3,79,29,0,15,22,0,5,4,3,40,54,0,38,79,0,29,0,2.772588722239781,3.1354942159291497,0,1.791759469228055,1.6094379124341003,1.3862943611198906,3.713572066704308,4.007333185232471,0,3.6635616461296463,4.382026634673881,0,3.4011973816621555,0.125,0,0,35,38,3,79,29
2024-06-01,0,19,30,0,5,3,4,30,54,0,59,84,0,34,0,2.995732273553991,3.4339872044851463,0,1.791759469228055,1.3862943611198906,1.6094379124341003,3.4339872044851463,4.007333185232471,0,4.0943445622221,4.442651256490317,0,3.5553480614894135,0.16666666666666666,0,0,25,59,4,84,34,0,19,23,0,4,3,3,38,51,0,37,79,0,29,0,2.995732273553991,3.1780538303479458,0,1.6094379124341003,1.3862943611198906,1.3862943611198906,3.6635616461296463,3.9512437185814275,0,3.6375861597263857,4.382026634673881,0,3.4011973816621555,0.10526315789473684,0,0,34,37,3,79,29
2024-07-01,0,34,29,0,4,3,4,29,64,0,46,93,0,31,0,3.5553480614894135,3.4011973816621555,0,1.6094379124341003,1.3862943611198906,1.6094379124341003,3.4011973816621555,4.174387269895637,0,3.8501476017100584,4.543294782270004,0,3.4657359027997265,0.13793103448275862,0,0,25,46,4,93,31,0,19,30,0,5,3,4,30,54,0,59,84,0,34,0,2.995732273553991,3.4339872044851463,0,1.791759469228055,1.3862943611198906,1.6094379124341003,3.4339872044851463,4.007333185232471,0,4.0943445622221,4.442651256490317,0,3.5553480614894135,0.16666666666666666,0,0,25,59,4,84,34
2024-08-01,0,20,25,0,4,3,4,28,68,0,43,90,0,34,0,3.044522437723423,3.258096538021482,0,1.6094379124341003,1.3862943611198906,1.6094379124341003,3.367295829986474,4.23410650459726,0,3.784189633918261,4.51085950651685,0,3.5553480614894135,0.14285714285714285,0,0,24,43,4,90,34,0,34,29,0,4,3,4,29,64,0,46,93,0,31,0,3.5553480614894135,3.4011973816621555,0,1.6094379124341003,1.3862943611198906,1.6094379124341003,3.4011973816621555,4.174387269895637,0,3.8501476017100584,4.543294782270004,0,3.4657359027997265,0.13793103448275862,0,0,25,46,4,93,31
2024-09-01,0,32,24,0,4,2,4,38,66,0,42,85,0,32,0,3.4965075614664802,3.2188758248682006,0,1.6094379124341003,1.0986122886681098,1.6094379124341003,3.6635616461296463,4.204692619390966,0,3.7612001156935624,4.454347296253507,0,3.4965075614664802,0.10526315789473684,0,0,34,42,4,85,32,0,20,25,0,4,3,4,28,68,0,43,90,0,34,0,3.044522437723423,3.258096538021482,0,1.6094379124341003,1.3862943611198906,1.6094379124341003,3.367295829986474,4.23410650459726,0,3.784189633918261,4.51085950651685,0,3.5553480614894135,0.14285714285714285,0,0,24,43,4,90,34
2024-10-01,0,21,18,0,4,3,4,42,65,0,38,86,0,26,0,3.091042453358316,2.9444389791664403,0,1.6094379124341003,1.3862943611198906,1.6094379124341003,3.7612001156935624,4.189654742026425,0,3.6635616461296463,4.465908118654584,0,3.295836866004329,0.09523809523809523,0,0,38,38,4,86,26,0,32,24,0,4,2,4,38,66,0,42,85,0,32,0,3.4965075614664802,3.2188758248682006,0,1.6094379124341003,1.0986122886681098,1.6094379124341003,3.6635616461296463,4.204692619390966,0,3.7612001156935624,4.454347296253507,0,3.4965075614664802,0.10526315789473684,0,0,34,42,4,85,32
2024-11-01,0,18,20,0,3,3,5,40,62,0,37,84,0,24,0,2.9444389791664403,3.044522437723423,0,1.3862943611198906,1.3862943611198906,1.791759469228055,3.713572066704308,4.143134726391533,0,3.6375861597263857,4.442651256490317,0,3.2188758248682006,0.075,0,0,37,37,5,84,24,0,21,18,0,4,3,4,42,65,0,38,86,0,26,0,3.091042453358316,2.9444389791664403,0,1.6094379124341003,1.3862943611198906,1.6094379124341003,3.7612001156935624,4.189654742026425,0,3.6635616461296463,4.465908118654584,0,3.295836866004329,0.09523809523809523,0,0,38,38,4,86,26
2024-12-01,0,0,22,0,5,3,4,42,56,0,38,84,0,29,0,0,3.1354942159291497,0,1.791759469228055,1.3862943611198906,1.6094379124341003,3.7612001156935624,4.04305126783455,0,3.6635616461296463,4.442651256490317,0,3.4011973816621555,0.11904761904761904,0,0,37,38,4,84,29,0,18,20,0,3,3,5,40,62,0,37,84,0,24,0,2.9444389791664403,3.044522437723423,0,1.3862943611198906,1.3862943611198906,1.791759469228055,3.713572066704308,4.143134726391533,0,3.6375861597263857,4.442651256490317,0,3.2188758248682006,0.075,0,0,37,37,5,84,24
2025-01-01,0,13,17,0,5,3,4,44,71,0,33,100,0,36,0,2.6390573296152584,2.8903717578961645,0,1.791759469228055,1.3862943611198906,1.6094379124341003,3.8066624897703196,4.276666119016055,0,3.5263605246161616,4.61512051684126,0,3.6109179126442243,0.11363636363636363,0,0,39,33,4,100,36,0,0,22,0,5,3,4,42,56,0,38,84,0,29,0,0,3.1354942159291497,0,1.791759469228055,1.3862943611198906,1.6094379124341003,3.7612001156935624,4.04305126783455,0,3.6635616461296463,4.442651256490317,0,3.4011973816621555,0.11904761904761904,0,0,37,38,4,84,29
